price_id,price
price_1,100202.0
price_10,349440.0625
price_100,3113694.75
price_1000,30756242.0
price_1001,30786956.0
price_1002,30817668.0
price_1003,30848382.0
price_1004,30879096.0
price_1005,30909810.0
price_1006,30940524.0
price_1007,30971238.0
price_1008,31001952.0
price_1009,31032666.0
price_101,3144408.75
price_1010,31063380.0
price_1011,31094094.0
price_1012,31124808.0
price_1013,31155522.0
price_1014,31186236.0
price_1015,31216950.0
price_1016,31247664.0
price_1017,31278378.0
price_1018,31309092.0
price_1019,31339806.0
price_102,3175122.5
price_1020,31370520.0
price_1021,31401234.0
price_1022,31431948.0
price_1023,31462662.0
price_1024,31493376.0
price_1025,31524090.0
price_1026,31554804.0
price_1027,31585518.0
price_1028,31616232.0
price_1029,31646946.0
price_103,3205836.5
price_1030,31677660.0
price_1031,31708374.0
price_1032,31739088.0
price_1033,31769802.0
price_1034,31800516.0
price_1035,31831230.0
price_1036,31861942.0
price_1037,31892656.0
price_1038,31923370.0
price_1039,31954084.0
price_104,3236550.5
price_1040,31984798.0
price_1041,32015512.0
price_1042,32046226.0
price_1043,32076940.0
price_1044,32107654.0
price_1045,32138368.0
price_1046,32169082.0
price_1047,32199796.0
price_1048,32230510.0
price_1049,32261224.0
price_105,3267264.5
price_1050,32291938.0
price_1051,32322652.0
price_1052,32353366.0
price_1053,32384080.0
price_1054,32414794.0
price_1055,32445508.0
price_1056,32476222.0
price_1057,32506936.0
price_1058,32537650.0
price_1059,32568364.0
price_106,3297978.25
price_1060,32599078.0
price_1061,32629792.0
price_1062,32660506.0
price_1063,32691220.0
price_1064,32721934.0
price_1065,32752648.0
price_1066,32783362.0
price_1067,32814076.0
price_1068,32844790.0
price_1069,32875504.0
price_107,3328692.25
price_1070,32906216.0
price_1071,32936930.0
price_1072,32967644.0
price_1073,32998358.0
price_1074,33029072.0
price_1075,33059786.0
price_1076,33090500.0
price_1077,33121214.0
price_1078,33151928.0
price_1079,33182642.0
price_108,3359406.25
price_1080,33213356.0
price_1081,33244070.0
price_1082,33274784.0
price_1083,33305498.0
price_1084,33336212.0
price_1085,33366926.0
price_1086,33397640.0
price_1087,33428354.0
price_1088,33459068.0
price_1089,33489782.0
price_109,3390120.25
price_1090,33520496.0
price_1091,33551210.0
price_1092,33581924.0
price_1093,33612636.0
price_1094,33643352.0
price_1095,33674064.0
price_1096,33704780.0
price_1097,33735492.0
price_1098,33766208.0
price_1099,33796920.0
price_11,380154.0
price_110,3420834.0
price_1100,33827636.0
price_1101,33858348.0
price_1102,33889064.0
price_1103,33919776.0
price_1104,33950492.0
price_1105,33981204.0
price_1106,34011920.0
price_1107,34042632.0
price_1108,34073348.0
price_1109,34104060.0
price_111,3451548.0
price_1110,34134776.0
price_1111,34165488.0
price_1112,34196204.0
price_1113,34226916.0
price_1114,34257632.0
price_1115,34288344.0
price_1116,34319060.0
price_1117,34349772.0
price_1118,34380488.0
price_1119,34411200.0
price_112,3482262.0
price_1120,34441912.0
price_1121,34472628.0
price_1122,34503340.0
price_1123,34534056.0
price_1124,34564768.0
price_1125,34595484.0
price_1126,34626196.0
price_1127,34656912.0
price_1128,34687624.0
price_1129,34718340.0
price_113,3512976.0
price_1130,34749052.0
price_1131,34779768.0
price_1132,34810480.0
price_1133,34841196.0
price_1134,34871908.0
price_1135,34902624.0
price_1136,34933336.0
price_1137,34964052.0
price_1138,34994764.0
price_1139,35025480.0
price_114,3543689.75
price_1140,35056192.0
price_1141,35086908.0
price_1142,35117620.0
price_1143,35148336.0
price_1144,35179048.0
price_1145,35209764.0
price_1146,35240476.0
price_1147,35271192.0
price_1148,35301904.0
price_1149,35332620.0
price_115,3574403.75
price_1150,35363332.0
price_1151,35394048.0
price_1152,35424760.0
price_1153,35455476.0
price_1154,35486188.0
price_1155,35516900.0
price_1156,35547616.0
price_1157,35578328.0
price_1158,35609044.0
price_1159,35639756.0
price_116,3605117.75
price_1160,35670472.0
price_1161,35701184.0
price_1162,35731900.0
price_1163,35762612.0
price_1164,35793328.0
price_1165,35824040.0
price_1166,35854756.0
price_1167,35885468.0
price_1168,35916184.0
price_1169,35946896.0
price_117,3635831.75
price_1170,35977612.0
price_1171,36008324.0
price_1172,36039040.0
price_1173,36069752.0
price_1174,36100468.0
price_1175,36131180.0
price_1176,36161896.0
price_1177,36192608.0
price_1178,36223324.0
price_1179,36254036.0
price_118,3666545.5
price_1180,36284752.0
price_1181,36315464.0
price_1182,36346180.0
price_1183,36376892.0
price_1184,36407608.0
price_1185,36438320.0
price_1186,36469036.0
price_1187,36499748.0
price_1188,36530460.0
price_1189,36561176.0
price_119,3697259.5
price_1190,36591888.0
price_1191,36622604.0
price_1192,36653316.0
price_1193,36684032.0
price_1194,36714744.0
price_1195,36745460.0
price_1196,36776172.0
price_1197,36806888.0
price_1198,36837600.0
price_1199,36868316.0
price_12,410867.9375
price_120,3727973.5
price_1200,36899028.0
price_1201,36929744.0
price_1202,36960456.0
price_1203,36991172.0
price_1204,37021884.0
price_1205,37052600.0
price_1206,37083312.0
price_1207,37114028.0
price_1208,37144740.0
price_1209,37175456.0
price_121,3758687.5
price_1210,37206168.0
price_1211,37236884.0
price_1212,37267596.0
price_1213,37298312.0
price_1214,37329024.0
price_1215,37359740.0
price_1216,37390452.0
price_1217,37421168.0
price_1218,37451880.0
price_1219,37482596.0
price_122,3789401.5
price_1220,37513308.0
price_1221,37544020.0
price_1222,37574736.0
price_1223,37605448.0
price_1224,37636164.0
price_1225,37666876.0
price_1226,37697592.0
price_1227,37728304.0
price_1228,37759020.0
price_1229,37789732.0
price_123,3820115.25
price_1230,37820448.0
price_1231,37851160.0
price_1232,37881876.0
price_1233,37912588.0
price_1234,37943304.0
price_1235,37974016.0
price_1236,38004732.0
price_1237,38035444.0
price_1238,38066160.0
price_1239,38096872.0
price_124,3850829.25
price_1240,38127588.0
price_1241,38158300.0
price_1242,38189016.0
price_1243,38219728.0
price_1244,38250444.0
price_1245,38281156.0
price_1246,38311872.0
price_1247,38342584.0
price_1248,38373300.0
price_1249,38404012.0
price_125,3881543.25
price_1250,38434728.0
price_1251,38465440.0
price_1252,38496156.0
price_1253,38526868.0
price_1254,38557584.0
price_1255,38588296.0
price_1256,38619008.0
price_1257,38649724.0
price_1258,38680436.0
price_1259,38711152.0
price_126,3912257.25
price_1260,38741864.0
price_1261,38772580.0
price_1262,38803292.0
price_1263,38834008.0
price_1264,38864720.0
price_1265,38895436.0
price_1266,38926148.0
price_1267,38956864.0
price_1268,38987576.0
price_1269,39018292.0
price_127,3942971.0
price_1270,39049004.0
price_1271,39079720.0
price_1272,39110432.0
price_1273,39141148.0
price_1274,39171860.0
price_1275,39202576.0
price_1276,39233288.0
price_1277,39264004.0
price_1278,39294716.0
price_1279,39325432.0
price_128,3973685.0
price_1280,39356144.0
price_1281,39386860.0
price_1282,39417572.0
price_1283,39448288.0
price_1284,39479000.0
price_1285,39509716.0
price_1286,39540428.0
price_1287,39571144.0
price_1288,39601856.0
price_1289,39632568.0
price_129,4004399.0
price_1290,39663284.0
price_1291,39693996.0
price_1292,39724712.0
price_1293,39755424.0
price_1294,39786140.0
price_1295,39816852.0
price_1296,39847568.0
price_1297,39878280.0
price_1298,39908996.0
price_1299,39939708.0
price_13,441581.875
price_130,4035113.0
price_1300,39970424.0
price_1301,40001136.0
price_1302,40031852.0
price_1303,40062564.0
price_1304,40093280.0
price_1305,40123992.0
price_1306,40154708.0
price_1307,40185420.0
price_1308,40216136.0
price_1309,40246848.0
price_131,4065826.75
price_1310,40277564.0
price_1311,40308276.0
price_1312,40338992.0
price_1313,40369704.0
price_1314,40400420.0
price_1315,40431132.0
price_1316,40461848.0
price_1317,40492560.0
price_1318,40523276.0
price_1319,40553988.0
price_132,4096540.75
price_1320,40584704.0
price_1321,40615416.0
price_1322,40646128.0
price_1323,40676844.0
price_1324,40707556.0
price_1325,40738272.0
price_1326,40768984.0
price_1327,40799700.0
price_1328,40830412.0
price_1329,40861128.0
price_133,4127254.75
price_1330,40891840.0
price_1331,40922556.0
price_1332,40953268.0
price_1333,40983984.0
price_1334,41014696.0
price_1335,41045412.0
price_1336,41076124.0
price_1337,41106840.0
price_1338,41137552.0
price_1339,41168268.0
price_134,4157968.75
price_1340,41198980.0
price_1341,41229696.0
price_1342,41260408.0
price_1343,41291124.0
price_1344,41321836.0
price_1345,41352552.0
price_1346,41383264.0
price_1347,41413980.0
price_1348,41444692.0
price_1349,41475408.0
price_135,4188682.5
price_1350,41506120.0
price_1351,41536836.0
price_1352,41567548.0
price_1353,41598264.0
price_1354,41628976.0
price_1355,41659688.0
price_1356,41690404.0
price_1357,41721116.0
price_1358,41751832.0
price_1359,41782544.0
price_136,4219396.5
price_1360,41813260.0
price_1361,41843972.0
price_1362,41874688.0
price_1363,41905400.0
price_1364,41936116.0
price_1365,41966828.0
price_1366,41997544.0
price_1367,42028256.0
price_1368,42058972.0
price_1369,42089684.0
price_137,4250110.5
price_1370,42120400.0
price_1371,42151112.0
price_1372,42181828.0
price_1373,42212540.0
price_1374,42243256.0
price_1375,42273968.0
price_1376,42304684.0
price_1377,42335396.0
price_1378,42366112.0
price_1379,42396824.0
price_138,4280824.5
price_1380,42427540.0
price_1381,42458252.0
price_1382,42488968.0
price_1383,42519680.0
price_1384,42550396.0
price_1385,42581108.0
price_1386,42611824.0
price_1387,42642536.0
price_1388,42673252.0
price_1389,42703964.0
price_139,4311538.5
price_1390,42734676.0
price_1391,42765392.0
price_1392,42796104.0
price_1393,42826820.0
price_1394,42857532.0
price_1395,42888248.0
price_1396,42918960.0
price_1397,42949676.0
price_1398,42980388.0
price_1399,43011104.0
price_14,472295.8125
price_140,4342252.5
price_1400,43041816.0
price_1401,43072532.0
price_1402,43103244.0
price_1403,43133960.0
price_1404,43164672.0
price_1405,43195388.0
price_1406,43226100.0
price_1407,43256816.0
price_1408,43287528.0
price_1409,43318244.0
price_141,4372966.0
price_1410,43348956.0
price_1411,43379672.0
price_1412,43410384.0
price_1413,43441100.0
price_1414,43471812.0
price_1415,43502528.0
price_1416,43533240.0
price_1417,43563956.0
price_1418,43594668.0
price_1419,43625384.0
price_142,4403680.0
price_1420,43656096.0
price_1421,43686812.0
price_1422,43717524.0
price_1423,43748236.0
price_1424,43778952.0
price_1425,43809664.0
price_1426,43840380.0
price_1427,43871092.0
price_1428,43901808.0
price_1429,43932520.0
price_143,4434394.0
price_1430,43963236.0
price_1431,43993948.0
price_1432,44024664.0
price_1433,44055376.0
price_1434,44086092.0
price_1435,44116804.0
price_1436,44147520.0
price_1437,44178232.0
price_1438,44208948.0
price_1439,44239660.0
price_144,4465108.0
price_1440,44270376.0
price_1441,44301088.0
price_1442,44331804.0
price_1443,44362516.0
price_1444,44393232.0
price_1445,44423944.0
price_1446,44454660.0
price_1447,44485372.0
price_1448,44516088.0
price_1449,44546800.0
price_145,4495822.0
price_1450,44577516.0
price_1451,44608228.0
price_1452,44638944.0
price_1453,44669656.0
price_1454,44700372.0
price_1455,44731084.0
price_1456,44761796.0
price_1457,44792512.0
price_1458,44823224.0
price_1459,44853940.0
price_146,4526536.0
price_1460,44884652.0
price_1461,44915368.0
price_1462,44946080.0
price_1463,44976796.0
price_1464,45007508.0
price_1465,45038224.0
price_1466,45068936.0
price_1467,45099652.0
price_1468,45130364.0
price_1469,45161080.0
price_147,4557250.0
price_1470,45191792.0
price_1471,45222508.0
price_1472,45253220.0
price_1473,45283936.0
price_1474,45314648.0
price_1475,45345364.0
price_1476,45376076.0
price_1477,45406792.0
price_1478,45437504.0
price_1479,45468220.0
price_148,4587964.0
price_1480,45498932.0
price_1481,45529648.0
price_1482,45560360.0
price_1483,45591076.0
price_1484,45621788.0
price_1485,45652504.0
price_1486,45683216.0
price_1487,45713932.0
price_1488,45744644.0
price_1489,45775360.0
price_149,4618678.0
price_1490,45806072.0
price_1491,45836784.0
price_1492,45867500.0
price_1493,45898212.0
price_1494,45928928.0
price_1495,45959640.0
price_1496,45990356.0
price_1497,46021068.0
price_1498,46051784.0
price_1499,46082496.0
price_15,503009.75
price_150,4649391.5
price_1500,46113212.0
price_1501,46143924.0
price_1502,46174640.0
price_1503,46205352.0
price_1504,46236068.0
price_1505,46266780.0
price_1506,46297496.0
price_1507,46328208.0
price_1508,46358924.0
price_1509,46389636.0
price_151,4680105.5
price_1510,46420352.0
price_1511,46451064.0
price_1512,46481780.0
price_1513,46512492.0
price_1514,46543208.0
price_1515,46573920.0
price_1516,46604636.0
price_1517,46635348.0
price_1518,46666064.0
price_1519,46696776.0
price_152,4710819.5
price_1520,46727492.0
price_1521,46758204.0
price_1522,46788920.0
price_1523,46819632.0
price_1524,46850344.0
price_1525,46881060.0
price_1526,46911772.0
price_1527,46942488.0
price_1528,46973200.0
price_1529,47003916.0
price_153,4741533.5
price_1530,47034628.0
price_1531,47065344.0
price_1532,47096056.0
price_1533,47126772.0
price_1534,47157484.0
price_1535,47188200.0
price_1536,47218912.0
price_1537,47249628.0
price_1538,47280340.0
price_1539,47311056.0
price_154,4772247.5
price_1540,47341768.0
price_1541,47372484.0
price_1542,47403196.0
price_1543,47433912.0
price_1544,47464624.0
price_1545,47495340.0
price_1546,47526052.0
price_1547,47556768.0
price_1548,47587480.0
price_1549,47618196.0
price_155,4802961.5
price_1550,47648908.0
price_1551,47679624.0
price_1552,47710336.0
price_1553,47741052.0
price_1554,47771764.0
price_1555,47802480.0
price_1556,47833192.0
price_1557,47863904.0
price_1558,47894620.0
price_1559,47925332.0
price_156,4833675.5
price_1560,47956048.0
price_1561,47986760.0
price_1562,48017476.0
price_1563,48048188.0
price_1564,48078904.0
price_1565,48109616.0
price_1566,48140332.0
price_1567,48171044.0
price_1568,48201760.0
price_1569,48232472.0
price_157,4864389.5
price_1570,48263188.0
price_1571,48293900.0
price_1572,48324616.0
price_1573,48355328.0
price_1574,48386044.0
price_1575,48416756.0
price_1576,48447472.0
price_1577,48478184.0
price_1578,48508900.0
price_1579,48539612.0
price_158,4895103.0
price_1580,48570328.0
price_1581,48601040.0
price_1582,48631756.0
price_1583,48662468.0
price_1584,48693184.0
price_1585,48723896.0
price_1586,48754612.0
price_1587,48785324.0
price_1588,48816040.0
price_1589,48846752.0
price_159,4925817.0
price_1590,48877464.0
price_1591,48908180.0
price_1592,48938892.0
price_1593,48969608.0
price_1594,49000320.0
price_1595,49031036.0
price_1596,49061748.0
price_1597,49092464.0
price_1598,49123176.0
price_1599,49153892.0
price_16,533723.6875
price_160,4956531.0
price_1600,49184604.0
price_1601,49215320.0
price_1602,49246032.0
price_1603,49276748.0
price_1604,49307460.0
price_1605,49338176.0
price_1606,49368888.0
price_1607,49399604.0
price_1608,49430316.0
price_1609,49461032.0
price_161,4987245.0
price_1610,49491744.0
price_1611,49522460.0
price_1612,49553172.0
price_1613,49583888.0
price_1614,49614600.0
price_1615,49645316.0
price_1616,49676028.0
price_1617,49706744.0
price_1618,49737456.0
price_1619,49768172.0
price_162,5017959.0
price_1620,49798884.0
price_1621,49829600.0
price_1622,49860312.0
price_1623,49891028.0
price_1624,49921740.0
price_1625,49952452.0
price_1626,49983168.0
price_1627,50013880.0
price_1628,50044596.0
price_1629,50075308.0
price_163,5048673.0
price_1630,50106024.0
price_1631,50136736.0
price_1632,50167452.0
price_1633,50198164.0
price_1634,50228880.0
price_1635,50259592.0
price_1636,50290308.0
price_1637,50321020.0
price_1638,50351736.0
price_1639,50382448.0
price_164,5079387.0
price_1640,50413164.0
price_1641,50443876.0
price_1642,50474592.0
price_1643,50505304.0
price_1644,50536020.0
price_1645,50566732.0
price_1646,50597448.0
price_1647,50628160.0
price_1648,50658876.0
price_1649,50689588.0
price_165,5110101.0
price_1650,50720304.0
price_1651,50751016.0
price_1652,50781732.0
price_1653,50812444.0
price_1654,50843160.0
price_1655,50873872.0
price_1656,50904588.0
price_1657,50935300.0
price_1658,50966012.0
price_1659,50996728.0
price_166,5140815.0
price_1660,51027440.0
price_1661,51058156.0
price_1662,51088868.0
price_1663,51119584.0
price_1664,51150296.0
price_1665,51181012.0
price_1666,51211724.0
price_1667,51242440.0
price_1668,51273152.0
price_1669,51303868.0
price_167,5171528.5
price_1670,51334580.0
price_1671,51365296.0
price_1672,51396008.0
price_1673,51426724.0
price_1674,51457436.0
price_1675,51488152.0
price_1676,51518864.0
price_1677,51549580.0
price_1678,51580292.0
price_1679,51611008.0
price_168,5202242.5
price_1680,51641720.0
price_1681,51672436.0
price_1682,51703148.0
price_1683,51733864.0
price_1684,51764576.0
price_1685,51795292.0
price_1686,51826004.0
price_1687,51856720.0
price_1688,51887432.0
price_1689,51918148.0
price_169,5232956.5
price_1690,51948860.0
price_1691,51979572.0
price_1692,52010288.0
price_1693,52041000.0
price_1694,52071716.0
price_1695,52102428.0
price_1696,52133144.0
price_1697,52163856.0
price_1698,52194572.0
price_1699,52225284.0
price_17,564437.625
price_170,5263670.5
price_1700,52256000.0
price_1701,52286712.0
price_1702,52317428.0
price_1703,52348140.0
price_1704,52378856.0
price_1705,52409568.0
price_1706,52440284.0
price_1707,52470996.0
price_1708,52501712.0
price_1709,52532424.0
price_171,5294384.5
price_1710,52563140.0
price_1711,52593852.0
price_1712,52624568.0
price_1713,52655280.0
price_1714,52685996.0
price_1715,52716708.0
price_1716,52747424.0
price_1717,52778136.0
price_1718,52808852.0
price_1719,52839564.0
price_172,5325098.5
price_1720,52870280.0
price_1721,52900992.0
price_1722,52931708.0
price_1723,52962420.0
price_1724,52993136.0
price_1725,53023848.0
price_1726,53054560.0
price_1727,53085276.0
price_1728,53115988.0
price_1729,53146704.0
price_173,5355812.5
price_1730,53177416.0
price_1731,53208132.0
price_1732,53238844.0
price_1733,53269560.0
price_1734,53300272.0
price_1735,53330988.0
price_1736,53361700.0
price_1737,53392416.0
price_1738,53423128.0
price_1739,53453844.0
price_174,5386526.5
price_1740,53484556.0
price_1741,53515272.0
price_1742,53545984.0
price_1743,53576700.0
price_1744,53607412.0
price_1745,53638128.0
price_1746,53668840.0
price_1747,53699556.0
price_1748,53730268.0
price_1749,53760984.0
price_175,5417240.0
price_1750,53791696.0
price_1751,53822412.0
price_1752,53853124.0
price_1753,53883840.0
price_1754,53914552.0
price_1755,53945268.0
price_1756,53975980.0
price_1757,54006696.0
price_1758,54037408.0
price_1759,54068120.0
price_176,5447954.0
price_1760,54098836.0
price_1761,54129548.0
price_1762,54160264.0
price_1763,54190976.0
price_1764,54221692.0
price_1765,54252404.0
price_1766,54283120.0
price_1767,54313832.0
price_1768,54344548.0
price_1769,54375260.0
price_177,5478668.0
price_1770,54405976.0
price_1771,54436688.0
price_1772,54467404.0
price_1773,54498116.0
price_1774,54528832.0
price_1775,54559544.0
price_1776,54590260.0
price_1777,54620972.0
price_1778,54651688.0
price_1779,54682400.0
price_178,5509382.0
price_1780,54713116.0
price_1781,54743828.0
price_1782,54774544.0
price_1783,54805256.0
price_1784,54835972.0
price_1785,54866684.0
price_1786,54897400.0
price_1787,54928112.0
price_1788,54958828.0
price_1789,54989540.0
price_179,5540096.0
price_1790,55020256.0
price_1791,55050968.0
price_1792,55081680.0
price_1793,55112396.0
price_1794,55143108.0
price_1795,55173824.0
price_1796,55204536.0
price_1797,55235252.0
price_1798,55265964.0
price_1799,55296680.0
price_18,595151.5625
price_180,5570810.0
price_1800,55327392.0
price_1801,55358108.0
price_1802,55388820.0
price_1803,55419536.0
price_1804,55450248.0
price_1805,55480964.0
price_1806,55511676.0
price_1807,55542392.0
price_1808,55573104.0
price_1809,55603820.0
price_181,5601524.0
price_1810,55634532.0
price_1811,55665248.0
price_1812,55695960.0
price_1813,55726676.0
price_1814,55757388.0
price_1815,55788104.0
price_1816,55818816.0
price_1817,55849532.0
price_1818,55880244.0
price_1819,55910960.0
price_182,5632238.0
price_1820,55941672.0
price_1821,55972388.0
price_1822,56003100.0
price_1823,56033816.0
price_1824,56064528.0
price_1825,56095244.0
price_1826,56125956.0
price_1827,56156668.0
price_1828,56187384.0
price_1829,56218096.0
price_183,5662952.0
price_1830,56248812.0
price_1831,56279524.0
price_1832,56310240.0
price_1833,56340952.0
price_1834,56371668.0
price_1835,56402380.0
price_1836,56433096.0
price_1837,56463808.0
price_1838,56494524.0
price_1839,56525236.0
price_184,5693665.5
price_1840,56555952.0
price_1841,56586664.0
price_1842,56617380.0
price_1843,56648092.0
price_1844,56678808.0
price_1845,56709520.0
price_1846,56740236.0
price_1847,56770948.0
price_1848,56801664.0
price_1849,56832376.0
price_185,5724379.5
price_1850,56863092.0
price_1851,56893804.0
price_1852,56924520.0
price_1853,56955232.0
price_1854,56985948.0
price_1855,57016660.0
price_1856,57047376.0
price_1857,57078088.0
price_1858,57108804.0
price_1859,57139516.0
price_186,5755093.5
price_1860,57170228.0
price_1861,57200944.0
price_1862,57231656.0
price_1863,57262372.0
price_1864,57293084.0
price_1865,57323800.0
price_1866,57354512.0
price_1867,57385228.0
price_1868,57415940.0
price_1869,57446656.0
price_187,5785807.5
price_1870,57477368.0
price_1871,57508084.0
price_1872,57538796.0
price_1873,57569512.0
price_1874,57600224.0
price_1875,57630940.0
price_1876,57661652.0
price_1877,57692368.0
price_1878,57723080.0
price_1879,57753796.0
price_188,5816521.5
price_1880,57784508.0
price_1881,57815224.0
price_1882,57845936.0
price_1883,57876652.0
price_1884,57907364.0
price_1885,57938080.0
price_1886,57968792.0
price_1887,57999508.0
price_1888,58030220.0
price_1889,58060936.0
price_189,5847235.5
price_1890,58091648.0
price_1891,58122364.0
price_1892,58153076.0
price_1893,58183788.0
price_1894,58214504.0
price_1895,58245216.0
price_1896,58275932.0
price_1897,58306644.0
price_1898,58337360.0
price_1899,58368072.0
price_19,625865.5
price_190,5877949.5
price_1900,58398788.0
price_1901,58429500.0
price_1902,58460216.0
price_1903,58490928.0
price_1904,58521644.0
price_1905,58552356.0
price_1906,58583072.0
price_1907,58613784.0
price_1908,58644500.0
price_1909,58675212.0
price_191,5908663.5
price_1910,58705928.0
price_1911,58736640.0
price_1912,58767356.0
price_1913,58798068.0
price_1914,58828784.0
price_1915,58859496.0
price_1916,58890212.0
price_1917,58920924.0
price_1918,58951640.0
price_1919,58982352.0
price_192,5939377.0
price_1920,59013068.0
price_1921,59043780.0
price_1922,59074496.0
price_1923,59105208.0
price_1924,59135924.0
price_1925,59166636.0
price_1926,59197352.0
price_1927,59228064.0
price_1928,59258776.0
price_1929,59289492.0
price_193,5970091.0
price_1930,59320204.0
price_1931,59350920.0
price_1932,59381632.0
price_1933,59412348.0
price_1934,59443060.0
price_1935,59473776.0
price_1936,59504488.0
price_1937,59535204.0
price_1938,59565916.0
price_1939,59596632.0
price_194,6000805.0
price_1940,59627344.0
price_1941,59658060.0
price_1942,59688772.0
price_1943,59719488.0
price_1944,59750200.0
price_1945,59780916.0
price_1946,59811628.0
price_1947,59842344.0
price_1948,59873056.0
price_1949,59903772.0
price_195,6031519.0
price_1950,59934484.0
price_1951,59965200.0
price_1952,59995912.0
price_1953,60026628.0
price_1954,60057340.0
price_1955,60088056.0
price_1956,60118768.0
price_1957,60149484.0
price_1958,60180196.0
price_1959,60210912.0
price_196,6062233.0
price_1960,60241624.0
price_1961,60272336.0
price_1962,60303052.0
price_1963,60333764.0
price_1964,60364480.0
price_1965,60395192.0
price_1966,60425908.0
price_1967,60456620.0
price_1968,60487336.0
price_1969,60518048.0
price_197,6092947.0
price_1970,60548764.0
price_1971,60579476.0
price_1972,60610192.0
price_1973,60640904.0
price_1974,60671620.0
price_1975,60702332.0
price_1976,60733048.0
price_1977,60763760.0
price_1978,60794476.0
price_1979,60825188.0
price_198,6123661.0
price_1980,60855904.0
price_1981,60886616.0
price_1982,60917332.0
price_1983,60948044.0
price_1984,60978760.0
price_1985,61009472.0
price_1986,61040188.0
price_1987,61070900.0
price_1988,61101616.0
price_1989,61132328.0
price_199,6154375.0
price_1990,61163044.0
price_1991,61193756.0
price_1992,61224472.0
price_1993,61255184.0
price_1994,61285896.0
price_1995,61316612.0
price_1996,61347324.0
price_1997,61378040.0
price_1998,61408752.0
price_1999,61439468.0
price_2,50334.0
price_20,656579.4375
price_200,6185088.5
price_2000,61470180.0
price_2001,61500896.0
price_2002,61531608.0
price_2003,61562324.0
price_2004,61593036.0
price_2005,61623752.0
price_2006,61654464.0
price_2007,61685180.0
price_2008,61715892.0
price_2009,61746608.0
price_201,6215802.5
price_2010,61777320.0
price_2011,61808036.0
price_2012,61838748.0
price_2013,61869464.0
price_2014,61900176.0
price_2015,61930892.0
price_2016,61961604.0
price_2017,61992320.0
price_2018,62023032.0
price_2019,62053748.0
price_202,6246516.5
price_2020,62084460.0
price_2021,62115176.0
price_2022,62145888.0
price_2023,62176604.0
price_2024,62207316.0
price_2025,62238032.0
price_2026,62268744.0
price_2027,62299456.0
price_2028,62330172.0
price_2029,62360884.0
price_203,6277230.5
price_2030,62391600.0
price_2031,62422312.0
price_2032,62453028.0
price_2033,62483740.0
price_2034,62514456.0
price_2035,62545168.0
price_2036,62575884.0
price_2037,62606596.0
price_2038,62637312.0
price_2039,62668024.0
price_204,6307944.5
price_2040,62698740.0
price_2041,62729452.0
price_2042,62760168.0
price_2043,62790880.0
price_2044,62821596.0
price_2045,62852308.0
price_2046,62883024.0
price_2047,62913736.0
price_2048,62944452.0
price_2049,62975164.0
price_205,6338658.5
price_2050,63005880.0
price_2051,63036592.0
price_2052,63067308.0
price_2053,63098020.0
price_2054,63128736.0
price_2055,63159448.0
price_2056,63190164.0
price_2057,63220876.0
price_2058,63251592.0
price_2059,63282304.0
price_206,6369372.5
price_2060,63313020.0
price_2061,63343732.0
price_2062,63374444.0
price_2063,63405160.0
price_2064,63435872.0
price_2065,63466588.0
price_2066,63497300.0
price_2067,63528016.0
price_2068,63558728.0
price_2069,63589444.0
price_207,6400086.5
price_2070,63620156.0
price_2071,63650872.0
price_2072,63681584.0
price_2073,63712300.0
price_2074,63743012.0
price_2075,63773728.0
price_2076,63804440.0
price_2077,63835156.0
price_2078,63865868.0
price_2079,63896584.0
price_208,6430800.5
price_2080,63927296.0
price_2081,63958012.0
price_2082,63988724.0
price_2083,64019440.0
price_2084,64050152.0
price_2085,64080868.0
price_2086,64111580.0
price_2087,64142296.0
price_2088,64173008.0
price_2089,64203724.0
price_209,6461514.0
price_2090,64234436.0
price_2091,64265152.0
price_2092,64295864.0
price_2093,64326580.0
price_2094,64357292.0
price_2095,64388004.0
price_2096,64418720.0
price_2097,64449432.0
price_2098,64480148.0
price_2099,64510860.0
price_21,687293.375
price_210,6492228.0
price_2100,64541576.0
price_2101,64572288.0
price_2102,64603004.0
price_2103,64633716.0
price_2104,64664432.0
price_2105,64695144.0
price_2106,64725860.0
price_2107,64756572.0
price_2108,64787288.0
price_2109,64818000.0
price_211,6522942.0
price_2110,64848716.0
price_2111,64879428.0
price_2112,64910144.0
price_2113,64940856.0
price_2114,64971572.0
price_2115,65002284.0
price_2116,65033000.0
price_2117,65063712.0
price_2118,65094428.0
price_2119,65125140.0
price_212,6553656.0
price_2120,65155856.0
price_2121,65186568.0
price_2122,65217284.0
price_2123,65247996.0
price_2124,65278712.0
price_2125,65309424.0
price_2126,65340140.0
price_2127,65370852.0
price_2128,65401564.0
price_2129,65432280.0
price_213,6584370.0
price_2130,65462992.0
price_2131,65493708.0
price_2132,65524420.0
price_2133,65555136.0
price_2134,65585848.0
price_2135,65616564.0
price_2136,65647276.0
price_2137,65677992.0
price_2138,65708704.0
price_2139,65739420.0
price_214,6615084.0
price_2140,65770132.0
price_2141,65800848.0
price_2142,65831560.0
price_2143,65862276.0
price_2144,65892988.0
price_2145,65923704.0
price_2146,65954416.0
price_2147,65985132.0
price_2148,66015844.0
price_2149,66046560.0
price_215,6645798.0
price_2150,66077272.0
price_2151,66107988.0
price_2152,66138700.0
price_2153,66169416.0
price_2154,66200128.0
price_2155,66230844.0
price_2156,66261556.0
price_2157,66292272.0
price_2158,66322984.0
price_2159,66353700.0
price_216,6676512.0
price_2160,66384412.0
price_2161,66415128.0
price_2162,66445840.0
price_2163,66476552.0
price_2164,66507268.0
price_2165,66537980.0
price_2166,66568696.0
price_2167,66599408.0
price_2168,66630124.0
price_2169,66660836.0
price_217,6707225.5
price_2170,66691552.0
price_2171,66722264.0
price_2172,66752980.0
price_2173,66783692.0
price_2174,66814408.0
price_2175,66845120.0
price_2176,66875836.0
price_2177,66906548.0
price_2178,66937264.0
price_2179,66967976.0
price_218,6737939.5
price_2180,66998692.0
price_2181,67029404.0
price_2182,67060120.0
price_2183,67090832.0
price_2184,67121544.0
price_2185,67152264.0
price_2186,67182976.0
price_2187,67213688.0
price_2188,67244400.0
price_2189,67275120.0
price_219,6768653.5
price_2190,67305832.0
price_2191,67336544.0
price_2192,67367256.0
price_2193,67397976.0
price_2194,67428688.0
price_2195,67459400.0
price_2196,67490112.0
price_2197,67520824.0
price_2198,67551544.0
price_2199,67582256.0
price_22,718007.3125
price_220,6799367.5
price_2200,67612968.0
price_2201,67643680.0
price_2202,67674400.0
price_2203,67705112.0
price_2204,67735824.0
price_2205,67766536.0
price_2206,67797256.0
price_2207,67827968.0
price_2208,67858680.0
price_2209,67889392.0
price_221,6830081.5
price_2210,67920112.0
price_2211,67950824.0
price_2212,67981536.0
price_2213,68012248.0
price_2214,68042968.0
price_2215,68073680.0
price_2216,68104392.0
price_2217,68135104.0
price_2218,68165824.0
price_2219,68196536.0
price_222,6860795.5
price_2220,68227248.0
price_2221,68257960.0
price_2222,68288680.0
price_2223,68319392.0
price_2224,68350104.0
price_2225,68380816.0
price_2226,68411536.0
price_2227,68442248.0
price_2228,68472960.0
price_2229,68503672.0
price_223,6891509.5
price_2230,68534384.0
price_2231,68565104.0
price_2232,68595816.0
price_2233,68626528.0
price_2234,68657240.0
price_2235,68687960.0
price_2236,68718672.0
price_2237,68749384.0
price_2238,68780096.0
price_2239,68810816.0
price_224,6922223.5
price_2240,68841528.0
price_2241,68872240.0
price_2242,68902952.0
price_2243,68933672.0
price_2244,68964384.0
price_2245,68995096.0
price_2246,69025808.0
price_2247,69056528.0
price_2248,69087240.0
price_2249,69117952.0
price_225,6952937.0
price_2250,69148664.0
price_2251,69179384.0
price_2252,69210096.0
price_2253,69240808.0
price_2254,69271520.0
price_2255,69302240.0
price_2256,69332952.0
price_2257,69363664.0
price_2258,69394376.0
price_2259,69425096.0
price_226,6983651.0
price_2260,69455808.0
price_2261,69486520.0
price_2262,69517232.0
price_2263,69547944.0
price_2264,69578664.0
price_2265,69609376.0
price_2266,69640088.0
price_2267,69670800.0
price_2268,69701520.0
price_2269,69732232.0
price_227,7014365.0
price_2270,69762944.0
price_2271,69793656.0
price_2272,69824376.0
price_2273,69855088.0
price_2274,69885800.0
price_2275,69916512.0
price_2276,69947232.0
price_2277,69977944.0
price_2278,70008656.0
price_2279,70039368.0
price_228,7045079.0
price_2280,70070088.0
price_2281,70100800.0
price_2282,70131512.0
price_2283,70162224.0
price_2284,70192944.0
price_2285,70223656.0
price_2286,70254368.0
price_2287,70285080.0
price_2288,70315800.0
price_2289,70346512.0
price_229,7075793.0
price_2290,70377224.0
price_2291,70407936.0
price_2292,70438656.0
price_2293,70469368.0
price_2294,70500080.0
price_2295,70530792.0
price_2296,70561504.0
price_2297,70592224.0
price_2298,70622936.0
price_2299,70653648.0
price_23,748721.25
price_230,7106507.0
price_2300,70684360.0
price_2301,70715080.0
price_2302,70745792.0
price_2303,70776504.0
price_2304,70807216.0
price_2305,70837936.0
price_2306,70868648.0
price_2307,70899360.0
price_2308,70930072.0
price_2309,70960792.0
price_231,7137221.0
price_2310,70991504.0
price_2311,71022216.0
price_2312,71052928.0
price_2313,71083648.0
price_2314,71114360.0
price_2315,71145072.0
price_2316,71175784.0
price_2317,71206504.0
price_2318,71237216.0
price_2319,71267928.0
price_232,7167935.0
price_2320,71298640.0
price_2321,71329360.0
price_2322,71360072.0
price_2323,71390784.0
price_2324,71421496.0
price_2325,71452216.0
price_2326,71482928.0
price_2327,71513640.0
price_2328,71544352.0
price_2329,71575072.0
price_233,7198649.0
price_2330,71605784.0
price_2331,71636496.0
price_2332,71667208.0
price_2333,71697920.0
price_2334,71728640.0
price_2335,71759352.0
price_2336,71790064.0
price_2337,71820776.0
price_2338,71851496.0
price_2339,71882208.0
price_234,7229362.5
price_2340,71912920.0
price_2341,71943632.0
price_2342,71974352.0
price_2343,72005064.0
price_2344,72035776.0
price_2345,72066488.0
price_2346,72097208.0
price_2347,72127920.0
price_2348,72158632.0
price_2349,72189344.0
price_235,7260076.5
price_2350,72220064.0
price_2351,72250776.0
price_2352,72281488.0
price_2353,72312200.0
price_2354,72342920.0
price_2355,72373632.0
price_2356,72404344.0
price_2357,72435056.0
price_2358,72465776.0
price_2359,72496488.0
price_236,7290790.5
price_2360,72527200.0
price_2361,72557912.0
price_2362,72588632.0
price_2363,72619344.0
price_2364,72650056.0
price_2365,72680768.0
price_2366,72711480.0
price_2367,72742200.0
price_2368,72772912.0
price_2369,72803624.0
price_237,7321504.5
price_2370,72834336.0
price_2371,72865056.0
price_2372,72895768.0
price_2373,72926480.0
price_2374,72957192.0
price_2375,72987912.0
price_2376,73018624.0
price_2377,73049336.0
price_2378,73080048.0
price_2379,73110768.0
price_238,7352218.5
price_2380,73141480.0
price_2381,73172192.0
price_2382,73202904.0
price_2383,73233624.0
price_2384,73264336.0
price_2385,73295048.0
price_2386,73325760.0
price_2387,73356480.0
price_2388,73387192.0
price_2389,73417904.0
price_239,7382932.5
price_2390,73448616.0
price_2391,73479336.0
price_2392,73510048.0
price_2393,73540760.0
price_2394,73571472.0
price_2395,73602192.0
price_2396,73632904.0
price_2397,73663616.0
price_2398,73694328.0
price_2399,73725040.0
price_24,779435.1875
price_240,7413646.5
price_2400,73755760.0
price_2401,73786472.0
price_2402,73817184.0
price_2403,73847896.0
price_2404,73878616.0
price_2405,73909328.0
price_2406,73940040.0
price_2407,73970752.0
price_2408,74001472.0
price_2409,74032184.0
price_241,7444360.5
price_2410,74062896.0
price_2411,74093608.0
price_2412,74124328.0
price_2413,74155040.0
price_2414,74185752.0
price_2415,74216464.0
price_2416,74247184.0
price_2417,74277896.0
price_2418,74308608.0
price_2419,74339320.0
price_242,7475074.0
price_2420,74370040.0
price_2421,74400752.0
price_2422,74431464.0
price_2423,74462176.0
price_2424,74492896.0
price_2425,74523608.0
price_2426,74554320.0
price_2427,74585032.0
price_2428,74615752.0
price_2429,74646464.0
price_243,7505788.0
price_2430,74677176.0
price_2431,74707888.0
price_2432,74738600.0
price_2433,74769320.0
price_2434,74800032.0
price_2435,74830744.0
price_2436,74861456.0
price_2437,74892176.0
price_2438,74922888.0
price_2439,74953600.0
price_244,7536502.0
price_2440,74984312.0
price_2441,75015032.0
price_2442,75045744.0
price_2443,75076456.0
price_2444,75107168.0
price_2445,75137888.0
price_2446,75168600.0
price_2447,75199312.0
price_2448,75230024.0
price_2449,75260744.0
price_245,7567216.0
price_2450,75291456.0
price_2451,75322168.0
price_2452,75352880.0
price_2453,75383600.0
price_2454,75414312.0
price_2455,75445024.0
price_2456,75475736.0
price_2457,75506456.0
price_2458,75537168.0
price_2459,75567880.0
price_246,7597930.0
price_2460,75598592.0
price_2461,75629312.0
price_2462,75660024.0
price_2463,75690736.0
price_2464,75721448.0
price_2465,75752160.0
price_2466,75782880.0
price_2467,75813592.0
price_2468,75844304.0
price_2469,75875016.0
price_247,7628644.0
price_2470,75905736.0
price_2471,75936448.0
price_2472,75967160.0
price_2473,75997872.0
price_2474,76028592.0
price_2475,76059304.0
price_2476,76090016.0
price_2477,76120728.0
price_2478,76151448.0
price_2479,76182160.0
price_248,7659358.0
price_2480,76212872.0
price_2481,76243584.0
price_2482,76274304.0
price_2483,76305016.0
price_2484,76335728.0
price_2485,76366440.0
price_2486,76397160.0
price_2487,76427872.0
price_2488,76458584.0
price_2489,76489296.0
price_249,7690072.0
price_2490,76520016.0
price_2491,76550728.0
price_2492,76581440.0
price_2493,76612152.0
price_2494,76642872.0
price_2495,76673584.0
price_2496,76704296.0
price_2497,76735008.0
price_2498,76765720.0
price_2499,76796440.0
price_25,810149.125
price_250,7720786.0
price_2500,76827152.0
price_2501,76857864.0
price_2502,76888576.0
price_2503,76919296.0
price_2504,76950008.0
price_2505,76980720.0
price_2506,77011432.0
price_2507,77042152.0
price_2508,77072864.0
price_2509,77103576.0
price_251,7751499.5
price_2510,77134288.0
price_2511,77165008.0
price_2512,77195720.0
price_2513,77226432.0
price_2514,77257144.0
price_2515,77287864.0
price_2516,77318576.0
price_2517,77349288.0
price_2518,77380000.0
price_2519,77410720.0
price_252,7782213.5
price_2520,77441432.0
price_2521,77472144.0
price_2522,77502856.0
price_2523,77533576.0
price_2524,77564288.0
price_2525,77595000.0
price_2526,77625712.0
price_2527,77656432.0
price_2528,77687144.0
price_2529,77717856.0
price_253,7812927.5
price_2530,77748568.0
price_2531,77779280.0
price_2532,77810000.0
price_2533,77840712.0
price_2534,77871424.0
price_2535,77902136.0
price_2536,77932856.0
price_2537,77963568.0
price_2538,77994280.0
price_2539,78024992.0
price_254,7843641.5
price_2540,78055712.0
price_2541,78086424.0
price_2542,78117136.0
price_2543,78147848.0
price_2544,78178568.0
price_2545,78209280.0
price_2546,78239992.0
price_2547,78270704.0
price_2548,78301424.0
price_2549,78332136.0
price_255,7874355.5
price_2550,78362848.0
price_2551,78393560.0
price_2552,78424280.0
price_2553,78454992.0
price_2554,78485704.0
price_2555,78516416.0
price_2556,78547136.0
price_2557,78577848.0
price_2558,78608560.0
price_2559,78639272.0
price_256,7905069.5
price_2560,78669992.0
price_2561,78700704.0
price_2562,78731416.0
price_2563,78762128.0
price_2564,78792848.0
price_2565,78823560.0
price_2566,78854272.0
price_2567,78884984.0
price_2568,78915696.0
price_2569,78946416.0
price_257,7935783.5
price_2570,78977128.0
price_2571,79007840.0
price_2572,79038552.0
price_2573,79069272.0
price_2574,79099984.0
price_2575,79130696.0
price_2576,79161408.0
price_2577,79192128.0
price_2578,79222840.0
price_2579,79253552.0
price_258,7966497.5
price_2580,79284264.0
price_2581,79314984.0
price_2582,79345696.0
price_2583,79376408.0
price_2584,79407120.0
price_2585,79437840.0
price_2586,79468552.0
price_2587,79499264.0
price_2588,79529976.0
price_2589,79560696.0
price_259,7997211.0
price_2590,79591408.0
price_2591,79622120.0
price_2592,79652832.0
price_2593,79683552.0
price_2594,79714264.0
price_2595,79744976.0
price_2596,79775688.0
price_2597,79806408.0
price_2598,79837120.0
price_2599,79867832.0
price_26,840863.125
price_260,8027925.0
price_2600,79898544.0
price_2601,79929256.0
price_2602,79959976.0
price_2603,79990688.0
price_2604,80021400.0
price_2605,80052112.0
price_2606,80082832.0
price_2607,80113544.0
price_2608,80144256.0
price_2609,80174968.0
price_261,8058639.0
price_2610,80205688.0
price_2611,80236400.0
price_2612,80267112.0
price_2613,80297824.0
price_2614,80328544.0
price_2615,80359256.0
price_2616,80389968.0
price_2617,80420680.0
price_2618,80451400.0
price_2619,80482112.0
price_262,8089353.0
price_2620,80512824.0
price_2621,80543536.0
price_2622,80574256.0
price_2623,80604968.0
price_2624,80635680.0
price_2625,80666392.0
price_2626,80697112.0
price_2627,80727824.0
price_2628,80758536.0
price_2629,80789248.0
price_263,8120067.0
price_2630,80819968.0
price_2631,80850680.0
price_2632,80881392.0
price_2633,80912104.0
price_2634,80942816.0
price_2635,80973536.0
price_2636,81004248.0
price_2637,81034960.0
price_2638,81065672.0
price_2639,81096392.0
price_264,8150781.0
price_2640,81127104.0
price_2641,81157816.0
price_2642,81188528.0
price_2643,81219248.0
price_2644,81249960.0
price_2645,81280672.0
price_2646,81311384.0
price_2647,81342104.0
price_2648,81372816.0
price_2649,81403528.0
price_265,8181495.0
price_2650,81434240.0
price_2651,81464960.0
price_2652,81495672.0
price_2653,81526384.0
price_2654,81557096.0
price_2655,81587816.0
price_2656,81618528.0
price_2657,81649240.0
price_2658,81679952.0
price_2659,81710672.0
price_266,8212209.0
price_2660,81741384.0
price_2661,81772096.0
price_2662,81802808.0
price_2663,81833528.0
price_2664,81864240.0
price_2665,81894952.0
price_2666,81925664.0
price_2667,81956376.0
price_2668,81987096.0
price_2669,82017808.0
price_267,8242923.0
price_2670,82048520.0
price_2671,82079232.0
price_2672,82109952.0
price_2673,82140664.0
price_2674,82171376.0
price_2675,82202088.0
price_2676,82232808.0
price_2677,82263520.0
price_2678,82294232.0
price_2679,82324944.0
price_268,8273636.5
price_2680,82355664.0
price_2681,82386376.0
price_2682,82417088.0
price_2683,82447800.0
price_2684,82478520.0
price_2685,82509232.0
price_2686,82539944.0
price_2687,82570656.0
price_2688,82601376.0
price_2689,82632088.0
price_269,8304350.5
price_2690,82662800.0
price_2691,82693512.0
price_2692,82724232.0
price_2693,82754944.0
price_2694,82785656.0
price_2695,82816368.0
price_2696,82847088.0
price_2697,82877800.0
price_2698,82908512.0
price_2699,82939224.0
price_27,871577.0625
price_270,8335064.5
price_2700,82969936.0
price_2701,83000656.0
price_2702,83031368.0
price_2703,83062080.0
price_2704,83092792.0
price_2705,83123512.0
price_2706,83154224.0
price_2707,83184936.0
price_2708,83215648.0
price_2709,83246368.0
price_271,8365778.5
price_2710,83277080.0
price_2711,83307792.0
price_2712,83338504.0
price_2713,83369224.0
price_2714,83399936.0
price_2715,83430648.0
price_2716,83461360.0
price_2717,83492080.0
price_2718,83522792.0
price_2719,83553504.0
price_272,8396492.0
price_2720,83584216.0
price_2721,83614936.0
price_2722,83645648.0
price_2723,83676360.0
price_2724,83707072.0
price_2725,83737792.0
price_2726,83768504.0
price_2727,83799216.0
price_2728,83829928.0
price_2729,83860648.0
price_273,8427206.0
price_2730,83891360.0
price_2731,83922072.0
price_2732,83952784.0
price_2733,83983496.0
price_2734,84014216.0
price_2735,84044928.0
price_2736,84075640.0
price_2737,84106352.0
price_2738,84137072.0
price_2739,84167784.0
price_274,8457920.0
price_2740,84198496.0
price_2741,84229208.0
price_2742,84259928.0
price_2743,84290640.0
price_2744,84321352.0
price_2745,84352064.0
price_2746,84382784.0
price_2747,84413496.0
price_2748,84444208.0
price_2749,84474920.0
price_275,8488634.0
price_2750,84505640.0
price_2751,84536352.0
price_2752,84567064.0
price_2753,84597776.0
price_2754,84628496.0
price_2755,84659208.0
price_2756,84689920.0
price_2757,84720632.0
price_2758,84751352.0
price_2759,84782064.0
price_276,8519348.0
price_2760,84812776.0
price_2761,84843488.0
price_2762,84874208.0
price_2763,84904920.0
price_2764,84935632.0
price_2765,84966344.0
price_2766,84997056.0
price_2767,85027776.0
price_2768,85058488.0
price_2769,85089200.0
price_277,8550062.0
price_2770,85119912.0
price_2771,85150632.0
price_2772,85181344.0
price_2773,85212056.0
price_2774,85242768.0
price_2775,85273488.0
price_2776,85304200.0
price_2777,85334912.0
price_2778,85365624.0
price_2779,85396344.0
price_278,8580776.0
price_2780,85427056.0
price_2781,85457768.0
price_2782,85488480.0
price_2783,85519200.0
price_2784,85549912.0
price_2785,85580624.0
price_2786,85611336.0
price_2787,85642056.0
price_2788,85672768.0
price_2789,85703480.0
price_279,8611490.0
price_2790,85734192.0
price_2791,85764912.0
price_2792,85795624.0
price_2793,85826336.0
price_2794,85857048.0
price_2795,85887768.0
price_2796,85918480.0
price_2797,85949192.0
price_2798,85979904.0
price_2799,86010624.0
price_28,902291.0
price_280,8642204.0
price_2800,86041336.0
price_2801,86072048.0
price_2802,86102760.0
price_2803,86133472.0
price_2804,86164192.0
price_2805,86194904.0
price_2806,86225616.0
price_2807,86256328.0
price_2808,86287048.0
price_2809,86317760.0
price_281,8672918.0
price_2810,86348472.0
price_2811,86379184.0
price_2812,86409904.0
price_2813,86440616.0
price_2814,86471328.0
price_2815,86502040.0
price_2816,86532760.0
price_2817,86563472.0
price_2818,86594184.0
price_2819,86624896.0
price_282,8703632.0
price_2820,86655616.0
price_2821,86686328.0
price_2822,86717040.0
price_2823,86747752.0
price_2824,86778472.0
price_2825,86809184.0
price_2826,86839896.0
price_2827,86870608.0
price_2828,86901328.0
price_2829,86932040.0
price_283,8734346.0
price_2830,86962752.0
price_2831,86993464.0
price_2832,87024184.0
price_2833,87054896.0
price_2834,87085608.0
price_2835,87116320.0
price_2836,87147032.0
price_2837,87177752.0
price_2838,87208464.0
price_2839,87239176.0
price_284,8765060.0
price_2840,87269888.0
price_2841,87300608.0
price_2842,87331320.0
price_2843,87362032.0
price_2844,87392744.0
price_2845,87423464.0
price_2846,87454176.0
price_2847,87484888.0
price_2848,87515600.0
price_2849,87546320.0
price_285,8795774.0
price_2850,87577032.0
price_2851,87607744.0
price_2852,87638456.0
price_2853,87669176.0
price_2854,87699888.0
price_2855,87730600.0
price_2856,87761312.0
price_2857,87792032.0
price_2858,87822744.0
price_2859,87853456.0
price_286,8826488.0
price_2860,87884168.0
price_2861,87914888.0
price_2862,87945600.0
price_2863,87976312.0
price_2864,88007024.0
price_2865,88037744.0
price_2866,88068456.0
price_2867,88099168.0
price_2868,88129880.0
price_2869,88160592.0
price_287,8857202.0
price_2870,88191312.0
price_2871,88222024.0
price_2872,88252736.0
price_2873,88283448.0
price_2874,88314168.0
price_2875,88344880.0
price_2876,88375592.0
price_2877,88406304.0
price_2878,88437024.0
price_2879,88467736.0
price_288,8887916.0
price_2880,88498448.0
price_2881,88529160.0
price_2882,88559880.0
price_2883,88590592.0
price_2884,88621304.0
price_2885,88652016.0
price_2886,88682736.0
price_2887,88713448.0
price_2888,88744160.0
price_2889,88774872.0
price_289,8918629.0
price_2890,88805592.0
price_2891,88836304.0
price_2892,88867016.0
price_2893,88897728.0
price_2894,88928448.0
price_2895,88959160.0
price_2896,88989872.0
price_2897,89020584.0
price_2898,89051304.0
price_2899,89082016.0
price_29,933004.9375
price_290,8949343.0
price_2900,89112728.0
price_2901,89143440.0
price_2902,89174152.0
price_2903,89204872.0
price_2904,89235584.0
price_2905,89266296.0
price_2906,89297008.0
price_2907,89327728.0
price_2908,89358440.0
price_2909,89389152.0
price_291,8980057.0
price_2910,89419864.0
price_2911,89450584.0
price_2912,89481296.0
price_2913,89512008.0
price_2914,89542720.0
price_2915,89573440.0
price_2916,89604152.0
price_2917,89634864.0
price_2918,89665576.0
price_2919,89696296.0
price_292,9010771.0
price_2920,89727008.0
price_2921,89757720.0
price_2922,89788432.0
price_2923,89819152.0
price_2924,89849864.0
price_2925,89880576.0
price_2926,89911288.0
price_2927,89942008.0
price_2928,89972720.0
price_2929,90003432.0
price_293,9041485.0
price_2930,90034144.0
price_2931,90064864.0
price_2932,90095576.0
price_2933,90126288.0
price_2934,90157000.0
price_2935,90187712.0
price_2936,90218432.0
price_2937,90249144.0
price_2938,90279856.0
price_2939,90310568.0
price_294,9072199.0
price_2940,90341288.0
price_2941,90372000.0
price_2942,90402712.0
price_2943,90433424.0
price_2944,90464144.0
price_2945,90494856.0
price_2946,90525568.0
price_2947,90556280.0
price_2948,90587000.0
price_2949,90617712.0
price_295,9102913.0
price_2950,90648424.0
price_2951,90679136.0
price_2952,90709856.0
price_2953,90740568.0
price_2954,90771280.0
price_2955,90801992.0
price_2956,90832712.0
price_2957,90863424.0
price_2958,90894136.0
price_2959,90924848.0
price_296,9133627.0
price_2960,90955568.0
price_2961,90986280.0
price_2962,91016992.0
price_2963,91047704.0
price_2964,91078424.0
price_2965,91109136.0
price_2966,91139848.0
price_2967,91170560.0
price_2968,91201272.0
price_2969,91231992.0
price_297,9164341.0
price_2970,91262704.0
price_2971,91293416.0
price_2972,91324128.0
price_2973,91354848.0
price_2974,91385560.0
price_2975,91416272.0
price_2976,91446984.0
price_2977,91477704.0
price_2978,91508416.0
price_2979,91539128.0
price_298,9195055.0
price_2980,91569840.0
price_2981,91600560.0
price_2982,91631272.0
price_2983,91661984.0
price_2984,91692696.0
price_2985,91723416.0
price_2986,91754128.0
price_2987,91784840.0
price_2988,91815552.0
price_2989,91846272.0
price_299,9225769.0
price_2990,91876984.0
price_2991,91907696.0
price_2992,91938408.0
price_2993,91969128.0
price_2994,91999840.0
price_2995,92030552.0
price_2996,92061264.0
price_2997,92091984.0
price_2998,92122696.0
price_2999,92153408.0
price_3,30004.0
price_30,963718.875
price_300,9256483.0
price_3000,92184120.0
price_3001,92214840.0
price_3002,92245552.0
price_3003,92276264.0
price_3004,92306976.0
price_3005,92337688.0
price_3006,92368408.0
price_3007,92399120.0
price_3008,92429832.0
price_3009,92460544.0
price_301,9287197.0
price_3010,92491264.0
price_3011,92521976.0
price_3012,92552688.0
price_3013,92583400.0
price_3014,92614120.0
price_3015,92644832.0
price_3016,92675544.0
price_3017,92706256.0
price_3018,92736976.0
price_3019,92767688.0
price_302,9317911.0
price_3020,92798400.0
price_3021,92829112.0
price_3022,92859832.0
price_3023,92890544.0
price_3024,92921256.0
price_3025,92951968.0
price_3026,92982688.0
price_3027,93013400.0
price_3028,93044112.0
price_3029,93074824.0
price_303,9348625.0
price_3030,93105544.0
price_3031,93136256.0
price_3032,93166968.0
price_3033,93197680.0
price_3034,93228400.0
price_3035,93259112.0
price_3036,93289824.0
price_3037,93320536.0
price_3038,93351248.0
price_3039,93381968.0
price_304,9379339.0
price_3040,93412680.0
price_3041,93443392.0
price_3042,93474104.0
price_3043,93504824.0
price_3044,93535536.0
price_3045,93566248.0
price_3046,93596960.0
price_3047,93627680.0
price_3048,93658392.0
price_3049,93689104.0
price_305,9410052.0
price_3050,93719816.0
price_3051,93750536.0
price_3052,93781248.0
price_3053,93811960.0
price_3054,93842672.0
price_3055,93873392.0
price_3056,93904104.0
price_3057,93934816.0
price_3058,93965528.0
price_3059,93996248.0
price_306,9440766.0
price_3060,94026960.0
price_3061,94057672.0
price_3062,94088384.0
price_3063,94119104.0
price_3064,94149816.0
price_3065,94180528.0
price_3066,94211240.0
price_3067,94241960.0
price_3068,94272672.0
price_3069,94303384.0
price_307,9471480.0
price_3070,94334096.0
price_3071,94364808.0
price_3072,94395528.0
price_3073,94426240.0
price_3074,94456952.0
price_3075,94487664.0
price_3076,94518384.0
price_3077,94549096.0
price_3078,94579808.0
price_3079,94610520.0
price_308,9502194.0
price_3080,94641240.0
price_3081,94671952.0
price_3082,94702664.0
price_3083,94733376.0
price_3084,94764096.0
price_3085,94794808.0
price_3086,94825520.0
price_3087,94856232.0
price_3088,94886952.0
price_3089,94917664.0
price_309,9532908.0
price_3090,94948376.0
price_3091,94979088.0
price_3092,95009808.0
price_3093,95040520.0
price_3094,95071232.0
price_3095,95101944.0
price_3096,95132664.0
price_3097,95163376.0
price_3098,95194088.0
price_3099,95224800.0
price_31,994432.8125
price_310,9563622.0
price_3100,95255520.0
price_3101,95286232.0
price_3102,95316944.0
price_3103,95347656.0
price_3104,95378368.0
price_3105,95409088.0
price_3106,95439800.0
price_3107,95470512.0
price_3108,95501224.0
price_3109,95531944.0
price_311,9594336.0
price_3110,95562656.0
price_3111,95593368.0
price_3112,95624080.0
price_3113,95654800.0
price_3114,95685512.0
price_3115,95716224.0
price_3116,95746936.0
price_3117,95777656.0
price_3118,95808368.0
price_3119,95839080.0
price_312,9625050.0
price_3120,95869792.0
price_3121,95900512.0
price_3122,95931224.0
price_3123,95961936.0
price_3124,95992648.0
price_3125,96023368.0
price_3126,96054080.0
price_3127,96084792.0
price_3128,96115504.0
price_3129,96146224.0
price_313,9655764.0
price_3130,96176936.0
price_3131,96207648.0
price_3132,96238360.0
price_3133,96269080.0
price_3134,96299792.0
price_3135,96330504.0
price_3136,96361216.0
price_3137,96391928.0
price_3138,96422648.0
price_3139,96453360.0
price_314,9686478.0
price_3140,96484072.0
price_3141,96514784.0
price_3142,96545504.0
price_3143,96576216.0
price_3144,96606928.0
price_3145,96637640.0
price_3146,96668360.0
price_3147,96699072.0
price_3148,96729784.0
price_3149,96760496.0
price_315,9717192.0
price_3150,96791216.0
price_3151,96821928.0
price_3152,96852640.0
price_3153,96883352.0
price_3154,96914072.0
price_3155,96944784.0
price_3156,96975496.0
price_3157,97006208.0
price_3158,97036928.0
price_3159,97067640.0
price_316,9747906.0
price_3160,97098352.0
price_3161,97129064.0
price_3162,97159784.0
price_3163,97190496.0
price_3164,97221208.0
price_3165,97251920.0
price_3166,97282640.0
price_3167,97313352.0
price_3168,97344064.0
price_3169,97374776.0
price_317,9778620.0
price_3170,97405488.0
price_3171,97436208.0
price_3172,97466920.0
price_3173,97497632.0
price_3174,97528344.0
price_3175,97559064.0
price_3176,97589776.0
price_3177,97620488.0
price_3178,97651200.0
price_3179,97681920.0
price_318,9809334.0
price_3180,97712632.0
price_3181,97743344.0
price_3182,97774056.0
price_3183,97804776.0
price_3184,97835488.0
price_3185,97866200.0
price_3186,97896912.0
price_3187,97927632.0
price_3188,97958344.0
price_3189,97989056.0
price_319,9840048.0
price_3190,98019768.0
price_3191,98050488.0
price_3192,98081200.0
price_3193,98111912.0
price_3194,98142624.0
price_3195,98173344.0
price_3196,98204056.0
price_3197,98234768.0
price_3198,98265480.0
price_3199,98296200.0
price_32,1025146.75
price_320,9870762.0
price_3200,98326912.0
price_3201,98357624.0
price_3202,98388336.0
price_3203,98419048.0
price_3204,98449768.0
price_3205,98480480.0
price_3206,98511192.0
price_3207,98541904.0
price_3208,98572624.0
price_3209,98603336.0
price_321,9901476.0
price_3210,98634048.0
price_3211,98664760.0
price_3212,98695480.0
price_3213,98726192.0
price_3214,98756904.0
price_3215,98787616.0
price_3216,98818336.0
price_3217,98849048.0
price_3218,98879760.0
price_3219,98910472.0
price_322,9932189.0
price_3220,98941192.0
price_3221,98971904.0
price_3222,99002616.0
price_3223,99033328.0
price_3224,99064048.0
price_3225,99094760.0
price_3226,99125472.0
price_3227,99156184.0
price_3228,99186904.0
price_3229,99217616.0
price_323,9962903.0
price_3230,99248328.0
price_3231,99279040.0
price_3232,99309760.0
price_3233,99340472.0
price_3234,99371184.0
price_3235,99401896.0
price_3236,99432616.0
price_3237,99463328.0
price_3238,99494040.0
price_3239,99524752.0
price_324,9993617.0
price_3240,99555464.0
price_3241,99586184.0
price_3242,99616896.0
price_3243,99647608.0
price_3244,99678320.0
price_3245,99709040.0
price_3246,99739752.0
price_3247,99770464.0
price_3248,99801176.0
price_3249,99831896.0
price_325,10024331.0
price_3250,99862608.0
price_3251,99893320.0
price_3252,99924032.0
price_3253,99954752.0
price_3254,99985464.0
price_3255,100016176.0
price_3256,100046888.0
price_3257,100077608.0
price_3258,100108320.0
price_3259,100139032.0
price_326,10055045.0
price_3260,100169744.0
price_3261,100200464.0
price_3262,100231176.0
price_3263,100261888.0
price_3264,100292600.0
price_3265,100323320.0
price_3266,100354032.0
price_3267,100384744.0
price_3268,100415456.0
price_3269,100446176.0
price_327,10085759.0
price_3270,100476888.0
price_3271,100507600.0
price_3272,100538312.0
price_3273,100569024.0
price_3274,100599744.0
price_3275,100630456.0
price_3276,100661168.0
price_3277,100691880.0
price_3278,100722600.0
price_3279,100753312.0
price_328,10116473.0
price_3280,100784024.0
price_3281,100814736.0
price_3282,100845456.0
price_3283,100876168.0
price_3284,100906880.0
price_3285,100937592.0
price_3286,100968312.0
price_3287,100999024.0
price_3288,101029736.0
price_3289,101060448.0
price_329,10147187.0
price_3290,101091168.0
price_3291,101121880.0
price_3292,101152592.0
price_3293,101183304.0
price_3294,101214024.0
price_3295,101244736.0
price_3296,101275448.0
price_3297,101306160.0
price_3298,101336880.0
price_3299,101367592.0
price_33,1055860.625
price_330,10177901.0
price_3300,101398304.0
price_3301,101429016.0
price_3302,101459736.0
price_3303,101490448.0
price_3304,101521160.0
price_3305,101551872.0
price_3306,101582584.0
price_3307,101613304.0
price_3308,101644016.0
price_3309,101674728.0
price_331,10208615.0
price_3310,101705440.0
price_3311,101736160.0
price_3312,101766872.0
price_3313,101797584.0
price_3314,101828296.0
price_3315,101859016.0
price_3316,101889728.0
price_3317,101920440.0
price_3318,101951152.0
price_3319,101981872.0
price_332,10239329.0
price_3320,102012584.0
price_3321,102043296.0
price_3322,102074008.0
price_3323,102104728.0
price_3324,102135440.0
price_3325,102166152.0
price_3326,102196864.0
price_3327,102227584.0
price_3328,102258296.0
price_3329,102289008.0
price_333,10270043.0
price_3330,102319720.0
price_3331,102350440.0
price_3332,102381152.0
price_3333,102411864.0
price_3334,102442576.0
price_3335,102473296.0
price_3336,102504008.0
price_3337,102534720.0
price_3338,102565432.0
price_3339,102596144.0
price_334,10300757.0
price_3340,102626864.0
price_3341,102657576.0
price_3342,102688288.0
price_3343,102719000.0
price_3344,102749720.0
price_3345,102780432.0
price_3346,102811144.0
price_3347,102841856.0
price_3348,102872576.0
price_3349,102903288.0
price_335,10331471.0
price_3350,102934000.0
price_3351,102964712.0
price_3352,102995432.0
price_3353,103026144.0
price_3354,103056856.0
price_3355,103087568.0
price_3356,103118288.0
price_3357,103149000.0
price_3358,103179712.0
price_3359,103210424.0
price_336,10362185.0
price_3360,103241144.0
price_3361,103271856.0
price_3362,103302568.0
price_3363,103333280.0
price_3364,103364000.0
price_3365,103394712.0
price_3366,103425424.0
price_3367,103456136.0
price_3368,103486856.0
price_3369,103517568.0
price_337,10392899.0
price_3370,103548280.0
price_3371,103578992.0
price_3372,103609704.0
price_3373,103640424.0
price_3374,103671136.0
price_3375,103701848.0
price_3376,103732560.0
price_3377,103763280.0
price_3378,103793992.0
price_3379,103824704.0
price_338,10423613.0
price_3380,103855416.0
price_3381,103886136.0
price_3382,103916848.0
price_3383,103947560.0
price_3384,103978272.0
price_3385,104008992.0
price_3386,104039704.0
price_3387,104070416.0
price_3388,104101128.0
price_3389,104131848.0
price_339,10454326.0
price_3390,104162560.0
price_3391,104193272.0
price_3392,104223984.0
price_3393,104254704.0
price_3394,104285416.0
price_3395,104316128.0
price_3396,104346840.0
price_3397,104377560.0
price_3398,104408272.0
price_3399,104438984.0
price_34,1086574.625
price_340,10485040.0
price_3400,104469696.0
price_3401,104500416.0
price_3402,104531128.0
price_3403,104561840.0
price_3404,104592552.0
price_3405,104623264.0
price_3406,104653984.0
price_3407,104684696.0
price_3408,104715408.0
price_3409,104746120.0
price_341,10515754.0
price_3410,104776840.0
price_3411,104807552.0
price_3412,104838264.0
price_3413,104868976.0
price_3414,104899696.0
price_3415,104930408.0
price_3416,104961120.0
price_3417,104991832.0
price_3418,105022552.0
price_3419,105053264.0
price_342,10546468.0
price_3420,105083976.0
price_3421,105114688.0
price_3422,105145408.0
price_3423,105176120.0
price_3424,105206832.0
price_3425,105237544.0
price_3426,105268264.0
price_3427,105298976.0
price_3428,105329688.0
price_3429,105360400.0
price_343,10577182.0
price_3430,105391120.0
price_3431,105421832.0
price_3432,105452544.0
price_3433,105483256.0
price_3434,105513976.0
price_3435,105544688.0
price_3436,105575400.0
price_3437,105606112.0
price_3438,105636832.0
price_3439,105667544.0
price_344,10607896.0
price_3440,105698256.0
price_3441,105728968.0
price_3442,105759680.0
price_3443,105790400.0
price_3444,105821112.0
price_3445,105851824.0
price_3446,105882536.0
price_3447,105913256.0
price_3448,105943968.0
price_3449,105974680.0
price_345,10638610.0
price_3450,106005392.0
price_3451,106036112.0
price_3452,106066824.0
price_3453,106097536.0
price_3454,106128248.0
price_3455,106158968.0
price_3456,106189680.0
price_3457,106220392.0
price_3458,106251104.0
price_3459,106281824.0
price_346,10669324.0
price_3460,106312536.0
price_3461,106343248.0
price_3462,106373960.0
price_3463,106404680.0
price_3464,106435392.0
price_3465,106466104.0
price_3466,106496816.0
price_3467,106527536.0
price_3468,106558248.0
price_3469,106588960.0
price_347,10700038.0
price_3470,106619672.0
price_3471,106650392.0
price_3472,106681104.0
price_3473,106711816.0
price_3474,106742528.0
price_3475,106773240.0
price_3476,106803960.0
price_3477,106834672.0
price_3478,106865384.0
price_3479,106896096.0
price_348,10730752.0
price_3480,106926816.0
price_3481,106957528.0
price_3482,106988240.0
price_3483,107018952.0
price_3484,107049672.0
price_3485,107080384.0
price_3486,107111096.0
price_3487,107141808.0
price_3488,107172528.0
price_3489,107203240.0
price_349,10761466.0
price_3490,107233952.0
price_3491,107264664.0
price_3492,107295384.0
price_3493,107326096.0
price_3494,107356808.0
price_3495,107387520.0
price_3496,107418240.0
price_3497,107448952.0
price_3498,107479664.0
price_3499,107510376.0
price_35,1117288.5
price_350,10792180.0
price_3500,107541096.0
price_3501,107571808.0
price_3502,107602520.0
price_3503,107633232.0
price_3504,107663952.0
price_3505,107694664.0
price_3506,107725376.0
price_3507,107756088.0
price_3508,107786800.0
price_3509,107817520.0
price_351,10822894.0
price_3510,107848232.0
price_3511,107878944.0
price_3512,107909656.0
price_3513,107940376.0
price_3514,107971088.0
price_3515,108001800.0
price_3516,108032512.0
price_3517,108063232.0
price_3518,108093944.0
price_3519,108124656.0
price_352,10853608.0
price_3520,108155368.0
price_3521,108186088.0
price_3522,108216800.0
price_3523,108247512.0
price_3524,108278224.0
price_3525,108308944.0
price_3526,108339656.0
price_3527,108370368.0
price_3528,108401080.0
price_3529,108431800.0
price_353,10884322.0
price_3530,108462512.0
price_3531,108493224.0
price_3532,108523936.0
price_3533,108554656.0
price_3534,108585368.0
price_3535,108616080.0
price_3536,108646792.0
price_3537,108677512.0
price_3538,108708224.0
price_3539,108738936.0
price_354,10915036.0
price_3540,108769648.0
price_3541,108800360.0
price_3542,108831080.0
price_3543,108861792.0
price_3544,108892504.0
price_3545,108923216.0
price_3546,108953936.0
price_3547,108984648.0
price_3548,109015360.0
price_3549,109046072.0
price_355,10945750.0
price_3550,109076792.0
price_3551,109107504.0
price_3552,109138216.0
price_3553,109168928.0
price_3554,109199648.0
price_3555,109230360.0
price_3556,109261072.0
price_3557,109291784.0
price_3558,109322504.0
price_3559,109353216.0
price_356,10976463.0
price_3560,109383928.0
price_3561,109414640.0
price_3562,109445360.0
price_3563,109476072.0
price_3564,109506784.0
price_3565,109537496.0
price_3566,109568216.0
price_3567,109598928.0
price_3568,109629640.0
price_3569,109660352.0
price_357,11007177.0
price_3570,109691072.0
price_3571,109721784.0
price_3572,109752496.0
price_3573,109783208.0
price_3574,109813920.0
price_3575,109844640.0
price_3576,109875352.0
price_3577,109906064.0
price_3578,109936776.0
price_3579,109967496.0
price_358,11037891.0
price_3580,109998208.0
price_3581,110028920.0
price_3582,110059632.0
price_3583,110090352.0
price_3584,110121064.0
price_3585,110151776.0
price_3586,110182488.0
price_3587,110213208.0
price_3588,110243920.0
price_3589,110274632.0
price_359,11068605.0
price_3590,110305344.0
price_3591,110336064.0
price_3592,110366776.0
price_3593,110397488.0
price_3594,110428200.0
price_3595,110458920.0
price_3596,110489632.0
price_3597,110520344.0
price_3598,110551056.0
price_3599,110581776.0
price_36,1148002.5
price_360,11099319.0
price_3600,110612488.0
price_3601,110643200.0
price_3602,110673912.0
price_3603,110704632.0
price_3604,110735344.0
price_3605,110766056.0
price_3606,110796768.0
price_3607,110827480.0
price_3608,110858200.0
price_3609,110888912.0
price_361,11130033.0
price_3610,110919624.0
price_3611,110950336.0
price_3612,110981056.0
price_3613,111011768.0
price_3614,111042480.0
price_3615,111073192.0
price_3616,111103912.0
price_3617,111134624.0
price_3618,111165336.0
price_3619,111196048.0
price_362,11160747.0
price_3620,111226768.0
price_3621,111257480.0
price_3622,111288192.0
price_3623,111318904.0
price_3624,111349624.0
price_3625,111380336.0
price_3626,111411048.0
price_3627,111441760.0
price_3628,111472480.0
price_3629,111503192.0
price_363,11191461.0
price_3630,111533904.0
price_3631,111564616.0
price_3632,111595336.0
price_3633,111626048.0
price_3634,111656760.0
price_3635,111687472.0
price_3636,111718192.0
price_3637,111748904.0
price_3638,111779616.0
price_3639,111810328.0
price_364,11222175.0
price_3640,111841040.0
price_3641,111871760.0
price_3642,111902472.0
price_3643,111933184.0
price_3644,111963896.0
price_3645,111994616.0
price_3646,112025328.0
price_3647,112056040.0
price_3648,112086752.0
price_3649,112117472.0
price_365,11252889.0
price_3650,112148184.0
price_3651,112178896.0
price_3652,112209608.0
price_3653,112240328.0
price_3654,112271040.0
price_3655,112301752.0
price_3656,112332464.0
price_3657,112363184.0
price_3658,112393896.0
price_3659,112424608.0
price_366,11283603.0
price_3660,112455320.0
price_3661,112486040.0
price_3662,112516752.0
price_3663,112547464.0
price_3664,112578176.0
price_3665,112608896.0
price_3666,112639608.0
price_3667,112670320.0
price_3668,112701032.0
price_3669,112731752.0
price_367,11314317.0
price_3670,112762464.0
price_3671,112793176.0
price_3672,112823888.0
price_3673,112854608.0
price_3674,112885320.0
price_3675,112916032.0
price_3676,112946744.0
price_3677,112977456.0
price_3678,113008176.0
price_3679,113038888.0
price_368,11345031.0
price_3680,113069600.0
price_3681,113100312.0
price_3682,113131032.0
price_3683,113161744.0
price_3684,113192456.0
price_3685,113223168.0
price_3686,113253888.0
price_3687,113284600.0
price_3688,113315312.0
price_3689,113346024.0
price_369,11375745.0
price_3690,113376744.0
price_3691,113407456.0
price_3692,113438168.0
price_3693,113468880.0
price_3694,113499600.0
price_3695,113530312.0
price_3696,113561024.0
price_3697,113591736.0
price_3698,113622456.0
price_3699,113653168.0
price_37,1178716.5
price_370,11406459.0
price_3700,113683880.0
price_3701,113714592.0
price_3702,113745312.0
price_3703,113776024.0
price_3704,113806736.0
price_3705,113837448.0
price_3706,113868168.0
price_3707,113898880.0
price_3708,113929592.0
price_3709,113960304.0
price_371,11437173.0
price_3710,113991016.0
price_3711,114021736.0
price_3712,114052448.0
price_3713,114083160.0
price_3714,114113872.0
price_3715,114144592.0
price_3716,114175304.0
price_3717,114206016.0
price_3718,114236728.0
price_3719,114267448.0
price_372,11467886.0
price_3720,114298160.0
price_3721,114328872.0
price_3722,114359584.0
price_3723,114390304.0
price_3724,114421016.0
price_3725,114451728.0
price_3726,114482440.0
price_3727,114513160.0
price_3728,114543872.0
price_3729,114574584.0
price_373,11498600.0
price_3730,114605296.0
price_3731,114636016.0
price_3732,114666728.0
price_3733,114697440.0
price_3734,114728152.0
price_3735,114758872.0
price_3736,114789584.0
price_3737,114820296.0
price_3738,114851008.0
price_3739,114881728.0
price_374,11529314.0
price_3740,114912440.0
price_3741,114943152.0
price_3742,114973864.0
price_3743,115004576.0
price_3744,115035296.0
price_3745,115066008.0
price_3746,115096720.0
price_3747,115127432.0
price_3748,115158152.0
price_3749,115188864.0
price_375,11560028.0
price_3750,115219576.0
price_3751,115250288.0
price_3752,115281008.0
price_3753,115311720.0
price_3754,115342432.0
price_3755,115373144.0
price_3756,115403864.0
price_3757,115434576.0
price_3758,115465288.0
price_3759,115496000.0
price_376,11590742.0
price_3760,115526720.0
price_3761,115557432.0
price_3762,115588144.0
price_3763,115618856.0
price_3764,115649576.0
price_3765,115680288.0
price_3766,115711000.0
price_3767,115741712.0
price_3768,115772432.0
price_3769,115803144.0
price_377,11621456.0
price_3770,115833856.0
price_3771,115864568.0
price_3772,115895288.0
price_3773,115926000.0
price_3774,115956712.0
price_3775,115987424.0
price_3776,116018136.0
price_3777,116048856.0
price_3778,116079568.0
price_3779,116110280.0
price_378,11652170.0
price_3780,116140992.0
price_3781,116171712.0
price_3782,116202424.0
price_3783,116233136.0
price_3784,116263848.0
price_3785,116294568.0
price_3786,116325280.0
price_3787,116355992.0
price_3788,116386704.0
price_3789,116417424.0
price_379,11682884.0
price_3790,116448136.0
price_3791,116478848.0
price_3792,116509560.0
price_3793,116540280.0
price_3794,116570992.0
price_3795,116601704.0
price_3796,116632416.0
price_3797,116663136.0
price_3798,116693848.0
price_3799,116724560.0
price_38,1209430.375
price_380,11713598.0
price_3800,116755272.0
price_3801,116785992.0
price_3802,116816704.0
price_3803,116847416.0
price_3804,116878128.0
price_3805,116908848.0
price_3806,116939560.0
price_3807,116970272.0
price_3808,117000984.0
price_3809,117031696.0
price_381,11744312.0
price_3810,117062416.0
price_3811,117093128.0
price_3812,117123840.0
price_3813,117154552.0
price_3814,117185272.0
price_3815,117215984.0
price_3816,117246696.0
price_3817,117277408.0
price_3818,117308128.0
price_3819,117338840.0
price_382,11775026.0
price_3820,117369552.0
price_3821,117400264.0
price_3822,117430984.0
price_3823,117461696.0
price_3824,117492408.0
price_3825,117523120.0
price_3826,117553840.0
price_3827,117584552.0
price_3828,117615264.0
price_3829,117645976.0
price_383,11805740.0
price_3830,117676696.0
price_3831,117707408.0
price_3832,117738120.0
price_3833,117768832.0
price_3834,117799552.0
price_3835,117830264.0
price_3836,117860976.0
price_3837,117891688.0
price_3838,117922408.0
price_3839,117953120.0
price_384,11836454.0
price_3840,117983832.0
price_3841,118014544.0
price_3842,118045256.0
price_3843,118075976.0
price_3844,118106688.0
price_3845,118137400.0
price_3846,118168112.0
price_3847,118198832.0
price_3848,118229544.0
price_3849,118260256.0
price_385,11867168.0
price_3850,118290968.0
price_3851,118321688.0
price_3852,118352400.0
price_3853,118383112.0
price_3854,118413824.0
price_3855,118444544.0
price_3856,118475256.0
price_3857,118505968.0
price_3858,118536680.0
price_3859,118567400.0
price_386,11897882.0
price_3860,118598112.0
price_3861,118628824.0
price_3862,118659536.0
price_3863,118690256.0
price_3864,118720968.0
price_3865,118751680.0
price_3866,118782392.0
price_3867,118813112.0
price_3868,118843824.0
price_3869,118874536.0
price_387,11928596.0
price_3870,118905248.0
price_3871,118935968.0
price_3872,118966680.0
price_3873,118997392.0
price_3874,119028104.0
price_3875,119058816.0
price_3876,119089536.0
price_3877,119120248.0
price_3878,119150960.0
price_3879,119181672.0
price_388,11959310.0
price_3880,119212392.0
price_3881,119243104.0
price_3882,119273816.0
price_3883,119304528.0
price_3884,119335248.0
price_3885,119365960.0
price_3886,119396672.0
price_3887,119427384.0
price_3888,119458104.0
price_3889,119488816.0
price_389,11990023.0
price_3890,119519528.0
price_3891,119550240.0
price_3892,119580960.0
price_3893,119611672.0
price_3894,119642384.0
price_3895,119673096.0
price_3896,119703816.0
price_3897,119734528.0
price_3898,119765240.0
price_3899,119795952.0
price_39,1240144.375
price_390,12020737.0
price_3900,119826672.0
price_3901,119857384.0
price_3902,119888096.0
price_3903,119918808.0
price_3904,119949528.0
price_3905,119980240.0
price_3906,120010952.0
price_3907,120041664.0
price_3908,120072384.0
price_3909,120103096.0
price_391,12051451.0
price_3910,120133808.0
price_3911,120164520.0
price_3912,120195232.0
price_3913,120225952.0
price_3914,120256664.0
price_3915,120287376.0
price_3916,120318088.0
price_3917,120348808.0
price_3918,120379520.0
price_3919,120410232.0
price_392,12082165.0
price_3920,120440944.0
price_3921,120471664.0
price_3922,120502376.0
price_3923,120533088.0
price_3924,120563800.0
price_3925,120594520.0
price_3926,120625232.0
price_3927,120655944.0
price_3928,120686656.0
price_3929,120717376.0
price_393,12112879.0
price_3930,120748088.0
price_3931,120778800.0
price_3932,120809512.0
price_3933,120840232.0
price_3934,120870944.0
price_3935,120901656.0
price_3936,120932368.0
price_3937,120963088.0
price_3938,120993800.0
price_3939,121024512.0
price_394,12143593.0
price_3940,121055224.0
price_3941,121085944.0
price_3942,121116656.0
price_3943,121147368.0
price_3944,121178080.0
price_3945,121208792.0
price_3946,121239512.0
price_3947,121270224.0
price_3948,121300936.0
price_3949,121331648.0
price_395,12174307.0
price_3950,121362368.0
price_3951,121393080.0
price_3952,121423792.0
price_3953,121454504.0
price_3954,121485224.0
price_3955,121515936.0
price_3956,121546648.0
price_3957,121577360.0
price_3958,121608080.0
price_3959,121638792.0
price_396,12205021.0
price_3960,121669504.0
price_3961,121700216.0
price_3962,121730936.0
price_3963,121761648.0
price_3964,121792360.0
price_3965,121823072.0
price_3966,121853792.0
price_3967,121884504.0
price_3968,121915216.0
price_3969,121945928.0
price_397,12235735.0
price_3970,121976648.0
price_3971,122007360.0
price_3972,122038072.0
price_3973,122068784.0
price_3974,122099504.0
price_3975,122130216.0
price_3976,122160928.0
price_3977,122191640.0
price_3978,122222352.0
price_3979,122253072.0
price_398,12266449.0
price_3980,122283784.0
price_3981,122314496.0
price_3982,122345208.0
price_3983,122375928.0
price_3984,122406640.0
price_3985,122437352.0
price_3986,122468064.0
price_3987,122498784.0
price_3988,122529496.0
price_3989,122560208.0
price_399,12297163.0
price_3990,122590920.0
price_3991,122621640.0
price_3992,122652352.0
price_3993,122683064.0
price_3994,122713776.0
price_3995,122744496.0
price_3996,122775208.0
price_3997,122805920.0
price_3998,122836632.0
price_3999,122867352.0
price_4,340040.0
price_40,1270858.25
price_400,12327877.0
price_4000,122898064.0
price_4001,122928776.0
price_4002,122959488.0
price_4003,122990208.0
price_4004,123020920.0
price_4005,123051632.0
price_4006,123082344.0
price_4007,123113064.0
price_4008,123143776.0
price_4009,123174488.0
price_401,12358591.0
price_4010,123205200.0
price_4011,123235912.0
price_4012,123266632.0
price_4013,123297344.0
price_4014,123328056.0
price_4015,123358768.0
price_4016,123389488.0
price_4017,123420200.0
price_4018,123450912.0
price_4019,123481624.0
price_402,12389305.0
price_4020,123512344.0
price_4021,123543056.0
price_4022,123573768.0
price_4023,123604480.0
price_4024,123635200.0
price_4025,123665912.0
price_4026,123696624.0
price_4027,123727336.0
price_4028,123758056.0
price_4029,123788768.0
price_403,12420019.0
price_4030,123819480.0
price_4031,123850192.0
price_4032,123880912.0
price_4033,123911624.0
price_4034,123942336.0
price_4035,123973048.0
price_4036,124003768.0
price_4037,124034480.0
price_4038,124065192.0
price_4039,124095904.0
price_404,12450733.0
price_4040,124126624.0
price_4041,124157336.0
price_4042,124188048.0
price_4043,124218760.0
price_4044,124249472.0
price_4045,124280192.0
price_4046,124310904.0
price_4047,124341616.0
price_4048,124372328.0
price_4049,124403048.0
price_405,12481447.0
price_4050,124433760.0
price_4051,124464472.0
price_4052,124495184.0
price_4053,124525904.0
price_4054,124556616.0
price_4055,124587328.0
price_4056,124618040.0
price_4057,124648760.0
price_4058,124679472.0
price_4059,124710184.0
price_406,12512160.0
price_4060,124740896.0
price_4061,124771616.0
price_4062,124802328.0
price_4063,124833040.0
price_4064,124863752.0
price_4065,124894472.0
price_4066,124925184.0
price_4067,124955896.0
price_4068,124986608.0
price_4069,125017328.0
price_407,12542874.0
price_4070,125048040.0
price_4071,125078752.0
price_4072,125109464.0
price_4073,125140184.0
price_4074,125170896.0
price_4075,125201608.0
price_4076,125232320.0
price_4077,125263032.0
price_4078,125293752.0
price_4079,125324464.0
price_408,12573588.0
price_4080,125355176.0
price_4081,125385888.0
price_4082,125416608.0
price_4083,125447320.0
price_4084,125478032.0
price_4085,125508744.0
price_4086,125539464.0
price_4087,125570176.0
price_4088,125600888.0
price_4089,125631600.0
price_409,12604302.0
price_4090,125662320.0
price_4091,125693032.0
price_4092,125723744.0
price_4093,125754456.0
price_4094,125785176.0
price_4095,125815888.0
price_4096,125846600.0
price_4097,125877312.0
price_4098,125908032.0
price_4099,125938744.0
price_41,1301572.25
price_410,12635016.0
price_4100,125969456.0
price_4101,126000168.0
price_4102,126030888.0
price_4103,126061600.0
price_4104,126092312.0
price_4105,126123024.0
price_4106,126153744.0
price_4107,126184456.0
price_4108,126215168.0
price_4109,126245880.0
price_411,12665730.0
price_4110,126276592.0
price_4111,126307312.0
price_4112,126338024.0
price_4113,126368736.0
price_4114,126399448.0
price_4115,126430168.0
price_4116,126460880.0
price_4117,126491592.0
price_4118,126522304.0
price_4119,126553024.0
price_412,12696444.0
price_4120,126583736.0
price_4121,126614448.0
price_4122,126645160.0
price_4123,126675880.0
price_4124,126706592.0
price_4125,126737304.0
price_4126,126768016.0
price_4127,126798736.0
price_4128,126829448.0
price_4129,126860160.0
price_413,12727158.0
price_4130,126890872.0
price_4131,126921592.0
price_4132,126952304.0
price_4133,126983016.0
price_4134,127013728.0
price_4135,127044448.0
price_4136,127075160.0
price_4137,127105872.0
price_4138,127136584.0
price_4139,127167304.0
price_414,12757872.0
price_4140,127198016.0
price_4141,127228728.0
price_4142,127259440.0
price_4143,127290160.0
price_4144,127320872.0
price_4145,127351584.0
price_4146,127382296.0
price_4147,127413008.0
price_4148,127443728.0
price_4149,127474440.0
price_415,12788586.0
price_4150,127505152.0
price_4151,127535864.0
price_4152,127566584.0
price_4153,127597296.0
price_4154,127628008.0
price_4155,127658720.0
price_4156,127689440.0
price_4157,127720152.0
price_4158,127750864.0
price_4159,127781576.0
price_416,12819300.0
price_4160,127812296.0
price_4161,127843008.0
price_4162,127873720.0
price_4163,127904432.0
price_4164,127935152.0
price_4165,127965864.0
price_4166,127996576.0
price_4167,128027288.0
price_4168,128058008.0
price_4169,128088720.0
price_417,12850014.0
price_4170,128119432.0
price_4171,128150144.0
price_4172,128180864.0
price_4173,128211576.0
price_4174,128242288.0
price_4175,128273000.0
price_4176,128303720.0
price_4177,128334432.0
price_4178,128365144.0
price_4179,128395856.0
price_418,12880728.0
price_4180,128426568.0
price_4181,128457288.0
price_4182,128488000.0
price_4183,128518712.0
price_4184,128549424.0
price_4185,128580144.0
price_4186,128610856.0
price_4187,128641568.0
price_4188,128672280.0
price_4189,128703000.0
price_419,12911442.0
price_4190,128733712.0
price_4191,128764424.0
price_4192,128795136.0
price_4193,128825856.0
price_4194,128856568.0
price_4195,128887280.0
price_4196,128917992.0
price_4197,128948712.0
price_4198,128979424.0
price_4199,129010136.0
price_42,1332286.125
price_420,12942156.0
price_4200,129040848.0
price_4201,129071568.0
price_4202,129102280.0
price_4203,129132992.0
price_4204,129163704.0
price_4205,129194424.0
price_4206,129225136.0
price_4207,129255848.0
price_4208,129286560.0
price_4209,129317280.0
price_421,12972870.0
price_4210,129347992.0
price_4211,129378704.0
price_4212,129409416.0
price_4213,129440128.0
price_4214,129470848.0
price_4215,129501560.0
price_4216,129532272.0
price_4217,129562984.0
price_4218,129593704.0
price_4219,129624416.0
price_422,13003584.0
price_4220,129655128.0
price_4221,129685840.0
price_4222,129716560.0
price_4223,129747272.0
price_4224,129777984.0
price_4225,129808696.0
price_4226,129839416.0
price_4227,129870128.0
price_4228,129900840.0
price_4229,129931552.0
price_423,13034297.0
price_4230,129962272.0
price_4231,129992984.0
price_4232,130023696.0
price_4233,130054408.0
price_4234,130085128.0
price_4235,130115840.0
price_4236,130146552.0
price_4237,130177264.0
price_4238,130207984.0
price_4239,130238696.0
price_424,13065011.0
price_4240,130269408.0
price_4241,130300120.0
price_4242,130330840.0
price_4243,130361552.0
price_4244,130392264.0
price_4245,130422976.0
price_4246,130453688.0
price_4247,130484408.0
price_4248,130515120.0
price_4249,130545832.0
price_425,13095725.0
price_4250,130576544.0
price_4251,130607264.0
price_4252,130637976.0
price_4253,130668688.0
price_4254,130699400.0
price_4255,130730120.0
price_4256,130760832.0
price_4257,130791544.0
price_4258,130822256.0
price_4259,130852976.0
price_426,13126439.0
price_4260,130883688.0
price_4261,130914400.0
price_4262,130945112.0
price_4263,130975832.0
price_4264,131006544.0
price_4265,131037256.0
price_4266,131067968.0
price_4267,131098688.0
price_4268,131129400.0
price_4269,131160112.0
price_427,13157153.0
price_4270,131190824.0
price_4271,131221544.0
price_4272,131252256.0
price_4273,131282968.0
price_4274,131313680.0
price_4275,131344400.0
price_4276,131375112.0
price_4277,131405824.0
price_4278,131436536.0
price_4279,131467248.0
price_428,13187867.0
price_4280,131497968.0
price_4281,131528680.0
price_4282,131559392.0
price_4283,131590104.0
price_4284,131620824.0
price_4285,131651536.0
price_4286,131682248.0
price_4287,131712960.0
price_4288,131743680.0
price_4289,131774392.0
price_429,13218581.0
price_4290,131805104.0
price_4291,131835816.0
price_4292,131866536.0
price_4293,131897248.0
price_4294,131927960.0
price_4295,131958672.0
price_4296,131989392.0
price_4297,132020104.0
price_4298,132050816.0
price_4299,132081528.0
price_43,1363000.125
price_430,13249295.0
price_4300,132112248.0
price_4301,132142960.0
price_4302,132173672.0
price_4303,132204384.0
price_4304,132235104.0
price_4305,132265816.0
price_4306,132296528.0
price_4307,132327240.0
price_4308,132357960.0
price_4309,132388672.0
price_431,13280009.0
price_4310,132419384.0
price_4311,132450096.0
price_4312,132480808.0
price_4313,132511528.0
price_4314,132542240.0
price_4315,132572952.0
price_4316,132603664.0
price_4317,132634384.0
price_4318,132665096.0
price_4319,132695808.0
price_432,13310723.0
price_4320,132726520.0
price_4321,132757240.0
price_4322,132787952.0
price_4323,132818664.0
price_4324,132849376.0
price_4325,132880096.0
price_4326,132910808.0
price_4327,132941520.0
price_4328,132972232.0
price_4329,133002952.0
price_433,13341437.0
price_4330,133033664.0
price_4331,133064376.0
price_4332,133095088.0
price_4333,133125808.0
price_4334,133156520.0
price_4335,133187232.0
price_4336,133217944.0
price_4337,133248664.0
price_4338,133279376.0
price_4339,133310088.0
price_434,13372151.0
price_4340,133340800.0
price_4341,133371520.0
price_4342,133402232.0
price_4343,133432944.0
price_4344,133463656.0
price_4345,133494376.0
price_4346,133525088.0
price_4347,133555800.0
price_4348,133586512.0
price_4349,133617224.0
price_435,13402865.0
price_4350,133647944.0
price_4351,133678656.0
price_4352,133709368.0
price_4353,133740080.0
price_4354,133770800.0
price_4355,133801512.0
price_4356,133832224.0
price_4357,133862936.0
price_4358,133893656.0
price_4359,133924368.0
price_436,13433579.0
price_4360,133955080.0
price_4361,133985792.0
price_4362,134016512.0
price_4363,134047224.0
price_4364,134077936.0
price_4365,134108648.0
price_4366,134139368.0
price_4367,134170080.0
price_4368,134200792.0
price_4369,134231504.0
price_437,13464293.0
price_4370,134262224.0
price_4371,134292928.0
price_4372,134323648.0
price_4373,134354368.0
price_4374,134385072.0
price_4375,134415792.0
price_4376,134446512.0
price_4377,134477216.0
price_4378,134507936.0
price_4379,134538640.0
price_438,13495007.0
price_4380,134569360.0
price_4381,134600080.0
price_4382,134630784.0
price_4383,134661504.0
price_4384,134692208.0
price_4385,134722928.0
price_4386,134753648.0
price_4387,134784352.0
price_4388,134815072.0
price_4389,134845792.0
price_439,13525721.0
price_4390,134876496.0
price_4391,134907216.0
price_4392,134937920.0
price_4393,134968640.0
price_4394,134999360.0
price_4395,135030064.0
price_4396,135060784.0
price_4397,135091504.0
price_4398,135122208.0
price_4399,135152928.0
price_44,1393714.0
price_440,13556434.0
price_4400,135183632.0
price_4401,135214352.0
price_4402,135245072.0
price_4403,135275776.0
price_4404,135306496.0
price_4405,135337216.0
price_4406,135367920.0
price_4407,135398640.0
price_4408,135429344.0
price_4409,135460064.0
price_441,13587148.0
price_4410,135490784.0
price_4411,135521488.0
price_4412,135552208.0
price_4413,135582912.0
price_4414,135613632.0
price_4415,135644352.0
price_4416,135675056.0
price_4417,135705776.0
price_4418,135736496.0
price_4419,135767200.0
price_442,13617862.0
price_4420,135797920.0
price_4421,135828624.0
price_4422,135859344.0
price_4423,135890064.0
price_4424,135920768.0
price_4425,135951488.0
price_4426,135982208.0
price_4427,136012912.0
price_4428,136043632.0
price_4429,136074336.0
price_443,13648576.0
price_4430,136105056.0
price_4431,136135776.0
price_4432,136166480.0
price_4433,136197200.0
price_4434,136227920.0
price_4435,136258624.0
price_4436,136289344.0
price_4437,136320048.0
price_4438,136350768.0
price_4439,136381488.0
price_444,13679290.0
price_4440,136412192.0
price_4441,136442912.0
price_4442,136473632.0
price_4443,136504336.0
price_4444,136535056.0
price_4445,136565760.0
price_4446,136596480.0
price_4447,136627200.0
price_4448,136657904.0
price_4449,136688624.0
price_445,13710004.0
price_4450,136719328.0
price_4451,136750048.0
price_4452,136780768.0
price_4453,136811472.0
price_4454,136842192.0
price_4455,136872912.0
price_4456,136903616.0
price_4457,136934336.0
price_4458,136965040.0
price_4459,136995760.0
price_446,13740718.0
price_4460,137026480.0
price_4461,137057184.0
price_4462,137087904.0
price_4463,137118624.0
price_4464,137149328.0
price_4465,137180048.0
price_4466,137210752.0
price_4467,137241472.0
price_4468,137272192.0
price_4469,137302896.0
price_447,13771432.0
price_4470,137333616.0
price_4471,137364336.0
price_4472,137395040.0
price_4473,137425760.0
price_4474,137456464.0
price_4475,137487184.0
price_4476,137517904.0
price_4477,137548608.0
price_4478,137579328.0
price_4479,137610048.0
price_448,13802146.0
price_4480,137640752.0
price_4481,137671472.0
price_4482,137702176.0
price_4483,137732896.0
price_4484,137763616.0
price_4485,137794320.0
price_4486,137825040.0
price_4487,137855744.0
price_4488,137886464.0
price_4489,137917184.0
price_449,13832860.0
price_4490,137947888.0
price_4491,137978608.0
price_4492,138009328.0
price_4493,138040032.0
price_4494,138070752.0
price_4495,138101456.0
price_4496,138132176.0
price_4497,138162896.0
price_4498,138193600.0
price_4499,138224320.0
price_45,1424428.0
price_450,13863574.0
price_4500,138255040.0
price_4501,138285744.0
price_4502,138316464.0
price_4503,138347168.0
price_4504,138377888.0
price_4505,138408608.0
price_4506,138439312.0
price_4507,138470032.0
price_4508,138500752.0
price_4509,138531456.0
price_451,13894288.0
price_4510,138562176.0
price_4511,138592880.0
price_4512,138623600.0
price_4513,138654320.0
price_4514,138685024.0
price_4515,138715744.0
price_4516,138746448.0
price_4517,138777168.0
price_4518,138807888.0
price_4519,138838592.0
price_452,13925002.0
price_4520,138869312.0
price_4521,138900032.0
price_4522,138930736.0
price_4523,138961456.0
price_4524,138992160.0
price_4525,139022880.0
price_4526,139053600.0
price_4527,139084304.0
price_4528,139115024.0
price_4529,139145744.0
price_453,13955716.0
price_4530,139176448.0
price_4531,139207168.0
price_4532,139237872.0
price_4533,139268592.0
price_4534,139299312.0
price_4535,139330016.0
price_4536,139360736.0
price_4537,139391456.0
price_4538,139422160.0
price_454,13986430.0
price_455,14017144.0
price_456,14047858.0
price_457,14078571.0
price_458,14109285.0
price_459,14139999.0
price_46,1455141.875
price_460,14170713.0
price_461,14201427.0
price_462,14232141.0
price_463,14262855.0
price_464,14293569.0
price_465,14324283.0
price_466,14354997.0
price_467,14385711.0
price_468,14416425.0
price_469,14447139.0
price_47,1485855.875
price_470,14477853.0
price_471,14508567.0
price_472,14539281.0
price_473,14569994.0
price_474,14600708.0
price_475,14631422.0
price_476,14662136.0
price_477,14692850.0
price_478,14723564.0
price_479,14754278.0
price_48,1516569.75
price_480,14784992.0
price_481,14815706.0
price_482,14846420.0
price_483,14877134.0
price_484,14907848.0
price_485,14938562.0
price_486,14969276.0
price_487,14999990.0
price_488,15030704.0
price_489,15061418.0
price_49,1547283.75
price_490,15092131.0
price_491,15122845.0
price_492,15153559.0
price_493,15184273.0
price_494,15214987.0
price_495,15245701.0
price_496,15276415.0
price_497,15307129.0
price_498,15337843.0
price_499,15368557.0
price_5,50223.0
price_50,1577997.625
price_500,15399271.0
price_501,15429985.0
price_502,15460699.0
price_503,15491413.0
price_504,15522127.0
price_505,15552841.0
price_506,15583555.0
price_507,15614268.0
price_508,15644982.0
price_509,15675696.0
price_51,1608711.625
price_510,15706410.0
price_511,15737124.0
price_512,15767838.0
price_513,15798552.0
price_514,15829266.0
price_515,15859980.0
price_516,15890694.0
price_517,15921408.0
price_518,15952122.0
price_519,15982836.0
price_52,1639425.5
price_520,16013550.0
price_521,16044264.0
price_522,16074978.0
price_523,16105692.0
price_524,16136405.0
price_525,16167119.0
price_526,16197833.0
price_527,16228547.0
price_528,16259261.0
price_529,16289975.0
price_53,1670139.5
price_530,16320689.0
price_531,16351403.0
price_532,16382117.0
price_533,16412831.0
price_534,16443545.0
price_535,16474259.0
price_536,16504973.0
price_537,16535687.0
price_538,16566401.0
price_539,16597115.0
price_54,1700853.375
price_540,16627828.0
price_541,16658542.0
price_542,16689256.0
price_543,16719970.0
price_544,16750684.0
price_545,16781398.0
price_546,16812112.0
price_547,16842826.0
price_548,16873540.0
price_549,16904254.0
price_55,1731567.375
price_550,16934968.0
price_551,16965682.0
price_552,16996396.0
price_553,17027110.0
price_554,17057824.0
price_555,17088538.0
price_556,17119252.0
price_557,17149966.0
price_558,17180680.0
price_559,17211394.0
price_56,1762281.25
price_560,17242108.0
price_561,17272822.0
price_562,17303536.0
price_563,17334250.0
price_564,17364964.0
price_565,17395678.0
price_566,17426390.0
price_567,17457104.0
price_568,17487818.0
price_569,17518532.0
price_57,1792995.25
price_570,17549246.0
price_571,17579960.0
price_572,17610674.0
price_573,17641388.0
price_574,17672102.0
price_575,17702816.0
price_576,17733530.0
price_577,17764244.0
price_578,17794958.0
price_579,17825672.0
price_58,1823709.25
price_580,17856386.0
price_581,17887100.0
price_582,17917814.0
price_583,17948528.0
price_584,17979242.0
price_585,18009956.0
price_586,18040670.0
price_587,18071384.0
price_588,18102098.0
price_589,18132812.0
price_59,1854423.125
price_590,18163526.0
price_591,18194240.0
price_592,18224954.0
price_593,18255668.0
price_594,18286382.0
price_595,18317096.0
price_596,18347810.0
price_597,18378524.0
price_598,18409238.0
price_599,18439950.0
price_6,450050.0
price_60,1885137.125
price_600,18470664.0
price_601,18501378.0
price_602,18532092.0
price_603,18562806.0
price_604,18593520.0
price_605,18624234.0
price_606,18654948.0
price_607,18685662.0
price_608,18716376.0
price_609,18747090.0
price_61,1915851.0
price_610,18777804.0
price_611,18808518.0
price_612,18839232.0
price_613,18869946.0
price_614,18900660.0
price_615,18931374.0
price_616,18962088.0
price_617,18992802.0
price_618,19023516.0
price_619,19054230.0
price_62,1946565.0
price_620,19084944.0
price_621,19115658.0
price_622,19146372.0
price_623,19177086.0
price_624,19207800.0
price_625,19238514.0
price_626,19269228.0
price_627,19299942.0
price_628,19330656.0
price_629,19361370.0
price_63,1977278.875
price_630,19392084.0
price_631,19422798.0
price_632,19453512.0
price_633,19484224.0
price_634,19514938.0
price_635,19545652.0
price_636,19576366.0
price_637,19607080.0
price_638,19637794.0
price_639,19668508.0
price_64,2007992.875
price_640,19699222.0
price_641,19729936.0
price_642,19760650.0
price_643,19791364.0
price_644,19822078.0
price_645,19852792.0
price_646,19883506.0
price_647,19914220.0
price_648,19944934.0
price_649,19975648.0
price_65,2038706.75
price_650,20006362.0
price_651,20037076.0
price_652,20067790.0
price_653,20098504.0
price_654,20129218.0
price_655,20159932.0
price_656,20190646.0
price_657,20221360.0
price_658,20252074.0
price_659,20282788.0
price_66,2069420.75
price_660,20313502.0
price_661,20344216.0
price_662,20374930.0
price_663,20405644.0
price_664,20436358.0
price_665,20467072.0
price_666,20497784.0
price_667,20528498.0
price_668,20559212.0
price_669,20589926.0
price_67,2100134.75
price_670,20620640.0
price_671,20651354.0
price_672,20682068.0
price_673,20712782.0
price_674,20743496.0
price_675,20774210.0
price_676,20804924.0
price_677,20835638.0
price_678,20866352.0
price_679,20897066.0
price_68,2130848.5
price_680,20927780.0
price_681,20958494.0
price_682,20989208.0
price_683,21019922.0
price_684,21050636.0
price_685,21081350.0
price_686,21112064.0
price_687,21142778.0
price_688,21173492.0
price_689,21204206.0
price_69,2161562.5
price_690,21234920.0
price_691,21265634.0
price_692,21296348.0
price_693,21327062.0
price_694,21357776.0
price_695,21388490.0
price_696,21419204.0
price_697,21449918.0
price_698,21480632.0
price_699,21511346.0
price_7,200022.0
price_70,2192276.5
price_700,21542058.0
price_701,21572772.0
price_702,21603486.0
price_703,21634200.0
price_704,21664914.0
price_705,21695628.0
price_706,21726342.0
price_707,21757056.0
price_708,21787770.0
price_709,21818484.0
price_71,2222990.5
price_710,21849198.0
price_711,21879912.0
price_712,21910626.0
price_713,21941340.0
price_714,21972054.0
price_715,22002768.0
price_716,22033482.0
price_717,22064196.0
price_718,22094910.0
price_719,22125624.0
price_72,2253704.25
price_720,22156338.0
price_721,22187052.0
price_722,22217766.0
price_723,22248480.0
price_724,22279194.0
price_725,22309908.0
price_726,22340622.0
price_727,22371336.0
price_728,22402050.0
price_729,22432764.0
price_73,2284418.25
price_730,22463478.0
price_731,22494192.0
price_732,22524906.0
price_733,22555620.0
price_734,22586332.0
price_735,22617046.0
price_736,22647760.0
price_737,22678474.0
price_738,22709188.0
price_739,22739902.0
price_74,2315132.25
price_740,22770616.0
price_741,22801330.0
price_742,22832044.0
price_743,22862758.0
price_744,22893472.0
price_745,22924186.0
price_746,22954900.0
price_747,22985614.0
price_748,23016328.0
price_749,23047042.0
price_75,2345846.25
price_750,23077756.0
price_751,23108470.0
price_752,23139184.0
price_753,23169898.0
price_754,23200612.0
price_755,23231326.0
price_756,23262040.0
price_757,23292754.0
price_758,23323468.0
price_759,23354182.0
price_76,2376560.0
price_760,23384896.0
price_761,23415610.0
price_762,23446324.0
price_763,23477038.0
price_764,23507752.0
price_765,23538466.0
price_766,23569180.0
price_767,23599892.0
price_768,23630606.0
price_769,23661320.0
price_77,2407274.0
price_770,23692034.0
price_771,23722748.0
price_772,23753462.0
price_773,23784176.0
price_774,23814890.0
price_775,23845604.0
price_776,23876318.0
price_777,23907032.0
price_778,23937746.0
price_779,23968460.0
price_78,2437988.0
price_780,23999174.0
price_781,24029888.0
price_782,24060602.0
price_783,24091316.0
price_784,24122030.0
price_785,24152744.0
price_786,24183458.0
price_787,24214172.0
price_788,24244886.0
price_789,24275600.0
price_79,2468702.0
price_790,24306314.0
price_791,24337028.0
price_792,24367742.0
price_793,24398456.0
price_794,24429170.0
price_795,24459884.0
price_796,24490598.0
price_797,24521312.0
price_798,24552026.0
price_799,24582740.0
price_8,223232.0
price_80,2499416.0
price_800,24613454.0
price_801,24644166.0
price_802,24674880.0
price_803,24705594.0
price_804,24736308.0
price_805,24767022.0
price_806,24797736.0
price_807,24828450.0
price_808,24859164.0
price_809,24889878.0
price_81,2530129.75
price_810,24920592.0
price_811,24951306.0
price_812,24982020.0
price_813,25012734.0
price_814,25043448.0
price_815,25074162.0
price_816,25104876.0
price_817,25135590.0
price_818,25166304.0
price_819,25197018.0
price_82,2560843.75
price_820,25227732.0
price_821,25258446.0
price_822,25289160.0
price_823,25319874.0
price_824,25350588.0
price_825,25381302.0
price_826,25412016.0
price_827,25442730.0
price_828,25473444.0
price_829,25504158.0
price_83,2591557.75
price_830,25534872.0
price_831,25565586.0
price_832,25596300.0
price_833,25627014.0
price_834,25657728.0
price_835,25688440.0
price_836,25719154.0
price_837,25749868.0
price_838,25780582.0
price_839,25811296.0
price_84,2622271.75
price_840,25842010.0
price_841,25872724.0
price_842,25903438.0
price_843,25934152.0
price_844,25964866.0
price_845,25995580.0
price_846,26026294.0
price_847,26057008.0
price_848,26087722.0
price_849,26118436.0
price_85,2652985.5
price_850,26149150.0
price_851,26179864.0
price_852,26210578.0
price_853,26241292.0
price_854,26272006.0
price_855,26302720.0
price_856,26333434.0
price_857,26364148.0
price_858,26394862.0
price_859,26425576.0
price_86,2683699.5
price_860,26456290.0
price_861,26487004.0
price_862,26517718.0
price_863,26548432.0
price_864,26579146.0
price_865,26609860.0
price_866,26640574.0
price_867,26671288.0
price_868,26702000.0
price_869,26732714.0
price_87,2714413.5
price_870,26763428.0
price_871,26794142.0
price_872,26824856.0
price_873,26855570.0
price_874,26886284.0
price_875,26916998.0
price_876,26947712.0
price_877,26978426.0
price_878,27009140.0
price_879,27039854.0
price_88,2745127.5
price_880,27070568.0
price_881,27101282.0
price_882,27131996.0
price_883,27162710.0
price_884,27193424.0
price_885,27224138.0
price_886,27254852.0
price_887,27285566.0
price_888,27316280.0
price_889,27346994.0
price_89,2775841.25
price_890,27377708.0
price_891,27408422.0
price_892,27439136.0
price_893,27469850.0
price_894,27500564.0
price_895,27531278.0
price_896,27561992.0
price_897,27592706.0
price_898,27623420.0
price_899,27654134.0
price_9,318726.125
price_90,2806555.25
price_900,27684848.0
price_901,27715562.0
price_902,27746274.0
price_903,27776988.0
price_904,27807702.0
price_905,27838416.0
price_906,27869130.0
price_907,27899844.0
price_908,27930558.0
price_909,27961272.0
price_91,2837269.25
price_910,27991986.0
price_911,28022700.0
price_912,28053414.0
price_913,28084128.0
price_914,28114842.0
price_915,28145556.0
price_916,28176270.0
price_917,28206984.0
price_918,28237698.0
price_919,28268412.0
price_92,2867983.25
price_920,28299126.0
price_921,28329840.0
price_922,28360554.0
price_923,28391268.0
price_924,28421982.0
price_925,28452696.0
price_926,28483410.0
price_927,28514124.0
price_928,28544838.0
price_929,28575552.0
price_93,2898697.0
price_930,28606266.0
price_931,28636980.0
price_932,28667694.0
price_933,28698408.0
price_934,28729122.0
price_935,28759834.0
price_936,28790548.0
price_937,28821262.0
price_938,28851976.0
price_939,28882690.0
price_94,2929411.0
price_940,28913404.0
price_941,28944118.0
price_942,28974832.0
price_943,29005546.0
price_944,29036260.0
price_945,29066974.0
price_946,29097688.0
price_947,29128402.0
price_948,29159116.0
price_949,29189830.0
price_95,2960125.0
price_950,29220544.0
price_951,29251258.0
price_952,29281972.0
price_953,29312686.0
price_954,29343400.0
price_955,29374114.0
price_956,29404828.0
price_957,29435542.0
price_958,29466256.0
price_959,29496970.0
price_96,2990839.0
price_960,29527684.0
price_961,29558398.0
price_962,29589112.0
price_963,29619826.0
price_964,29650540.0
price_965,29681254.0
price_966,29711968.0
price_967,29742682.0
price_968,29773396.0
price_969,29804108.0
price_97,3021552.75
price_970,29834822.0
price_971,29865536.0
price_972,29896250.0
price_973,29926964.0
price_974,29957678.0
price_975,29988392.0
price_976,30019106.0
price_977,30049820.0
price_978,30080534.0
price_979,30111248.0
price_98,3052266.75
price_980,30141962.0
price_981,30172676.0
price_982,30203390.0
price_983,30234104.0
price_984,30264818.0
price_985,30295532.0
price_986,30326246.0
price_987,30356960.0
price_988,30387674.0
price_989,30418388.0
price_99,3082980.75
price_990,30449102.0
price_991,30479816.0
price_992,30510530.0
price_993,30541244.0
price_994,30571958.0
price_995,30602672.0
price_996,30633386.0
price_997,30664100.0
price_998,30694814.0
price_999,30725528.0
